-- MySQL dump 10.13  Distrib 5.5.24, for Win64 (x86)
--
-- Host: localhost    Database: impiekv4_1
-- ------------------------------------------------------
-- Server version	5.5.24

/*!40101 SET @OLD_CHARACTER_SET_CLIENT=@@CHARACTER_SET_CLIENT */;
/*!40101 SET @OLD_CHARACTER_SET_RESULTS=@@CHARACTER_SET_RESULTS */;
/*!40101 SET @OLD_COLLATION_CONNECTION=@@COLLATION_CONNECTION */;
/*!40101 SET NAMES utf8 */;
/*!40103 SET @OLD_TIME_ZONE=@@TIME_ZONE */;
/*!40103 SET TIME_ZONE='+00:00' */;
/*!40014 SET @OLD_UNIQUE_CHECKS=@@UNIQUE_CHECKS, UNIQUE_CHECKS=0 */;
/*!40014 SET @OLD_FOREIGN_KEY_CHECKS=@@FOREIGN_KEY_CHECKS, FOREIGN_KEY_CHECKS=0 */;
/*!40101 SET @OLD_SQL_MODE=@@SQL_MODE, SQL_MODE='NO_AUTO_VALUE_ON_ZERO' */;
/*!40111 SET @OLD_SQL_NOTES=@@SQL_NOTES, SQL_NOTES=0 */;

--
-- Table structure for table `al_code`
--

DROP TABLE IF EXISTS `al_code`;
/*!40101 SET @saved_cs_client     = @@character_set_client */;
/*!40101 SET character_set_client = utf8 */;
CREATE TABLE `al_code` (
  `idal_code` int(11) NOT NULL,
  `descripcion` varchar(300) DEFAULT NULL,
  `pista` varchar(300) DEFAULT NULL,
  PRIMARY KEY (`idal_code`)
) ENGINE=InnoDB DEFAULT CHARSET=latin1;
/*!40101 SET character_set_client = @saved_cs_client */;

--
-- Dumping data for table `al_code`
--

LOCK TABLES `al_code` WRITE;
/*!40000 ALTER TABLE `al_code` DISABLE KEYS */;
INSERT INTO `al_code` VALUES (1,'Sobre voltaje.','Revisar alimentación de Drive'),(2,'Código incorrecto de sensores.',NULL),(3,'Sobre corriente','Revisar mecanismo'),(4,'Temperatura limite excedida.',NULL),(5,'El drive se deshabilito debido a la función de seguridad ISO 13849-1.',NULL),(6,'Sobre velocidad.','Revisar factor en sección de calibración'),(7,'Error de posición excedido.','Asegurar libre movimineto de mecanismo, limpieza de mecanismo. revisar relevador de freno.'),(8,'Intento de habilitación mientras el arreglo de datos es invalido, o no se ha seleccionado algún motor.',NULL),(9,'Switch de sobre temperatura en el motor  activado.',NULL),(10,'Error de subproceso.',NULL),(14,'Voltaje bajo.','Revisar alimentación de drive.'),(15,'Protección de corriente por hardware.',''),(16,'Reservado.',NULL),(18,'División entre cero.',NULL),(19,'Desbordamiento aritmetico.','Revisar datos introducidos por HMI.'),(20,'Pila de subrutina desbordada.',NULL),(21,'Pila de subrutina subdesbordada, se ejecuto instrucción RETURN  sin una llamada a subrutina previa.',NULL),(22,'Desbordamiento de variable de evaluación. Expresión demasiado complicada para el proceso de compilación.',NULL),(23,'Pila de movimiento desbordada, 32 niveles excedidos.',NULL),(24,'Pila de movimiento subdesbordada. Último MDV sin velocidad objetivo 0.',NULL),(25,'Código de operación desconocido, Byte no interpretable.',NULL),(26,'Byte desconocido, ocurre cuando la instrucción RETURN hace falta en una subrutina.',NULL),(27,'Drive deshabilitado, Intento de movimiento cuando no existe la señal de habilitación.','Revisar paro de emergencia'),(28,'Aceleración/Desaceleración muy alta.',NULL),(29,'Aceleración/Desaceleración muy baja.',NULL),(30,'Velocidad demasiado alta.','Revisar factor en sección de calibración'),(31,'Velocidad demasiado baja.',NULL),(32,'Switch de limite positivo superado.',NULL),(33,'Switch de limite negativo superado.',NULL),(34,'Intento de movimiento positivo con el switch de limite superado.',NULL),(35,'Intento de movimiento positivo con el switch de limite superado.',NULL),(36,'Drive deshabilitado por hardware.','Revisar paro de emergencia'),(37,'Bajo voltaje.',NULL),(38,'Perdida de EPM.',NULL),(39,'Limite de software positivo alcanzado.',NULL),(40,'Limite de software negativo alcanzado.',NULL),(41,'Intento de uso de variable con ID desconocido desde programa principal.',NULL),(45,'Segundo encoder, Exceso de error en posición.',NULL),(49,'Manipulación ilegal de variable APOS.',NULL);
/*!40000 ALTER TABLE `al_code` ENABLE KEYS */;
UNLOCK TABLES;

--
-- Table structure for table `alarmas`
--

DROP TABLE IF EXISTS `alarmas`;
/*!40101 SET @saved_cs_client     = @@character_set_client */;
/*!40101 SET character_set_client = utf8 */;
CREATE TABLE `alarmas` (
  `idalarmas` int(11) NOT NULL AUTO_INCREMENT,
  `fecha` datetime DEFAULT NULL,
  `drive` int(11) DEFAULT NULL,
  `id_al_code` int(11) DEFAULT NULL,
  PRIMARY KEY (`idalarmas`),
  UNIQUE KEY `fecha` (`fecha`,`drive`,`id_al_code`),
  KEY `fk1_alarma_has_alcode` (`id_al_code`),
  KEY `fk2_alarma_has_drive_idx` (`drive`),
  CONSTRAINT `fk1_alarma_has_alcode` FOREIGN KEY (`id_al_code`) REFERENCES `al_code` (`idal_code`) ON DELETE NO ACTION ON UPDATE NO ACTION,
  CONSTRAINT `fk2_alarma_has_drive` FOREIGN KEY (`drive`) REFERENCES `drive` (`idDrive`) ON DELETE NO ACTION ON UPDATE NO ACTION
) ENGINE=InnoDB AUTO_INCREMENT=12 DEFAULT CHARSET=latin1;
/*!40101 SET character_set_client = @saved_cs_client */;

--
-- Dumping data for table `alarmas`
--

LOCK TABLES `alarmas` WRITE;
/*!40000 ALTER TABLE `alarmas` DISABLE KEYS */;
/*!40000 ALTER TABLE `alarmas` ENABLE KEYS */;
UNLOCK TABLES;

--
-- Table structure for table `bitacora`
--

DROP TABLE IF EXISTS `bitacora`;
/*!40101 SET @saved_cs_client     = @@character_set_client */;
/*!40101 SET character_set_client = utf8 */;
CREATE TABLE `bitacora` (
  `idBitacora` int(11) NOT NULL AUTO_INCREMENT,
  `drive` int(11) DEFAULT NULL,
  `fecha` datetime DEFAULT NULL,
  `accion` varchar(200) DEFAULT NULL,
  `usuario` varchar(45) DEFAULT NULL,
  PRIMARY KEY (`idBitacora`),
  KEY `fk_bitacora_has_dirve_idx` (`drive`),
  CONSTRAINT `fk_bitacora_has_dirve` FOREIGN KEY (`drive`) REFERENCES `drive` (`idDrive`) ON DELETE NO ACTION ON UPDATE NO ACTION
) ENGINE=InnoDB AUTO_INCREMENT=1075 DEFAULT CHARSET=latin1;
/*!40101 SET character_set_client = @saved_cs_client */;

--
-- Dumping data for table `bitacora`
--

LOCK TABLES `bitacora` WRITE;
/*!40000 ALTER TABLE `bitacora` DISABLE KEYS */;
INSERT INTO `bitacora` VALUES (1,20,'2013-04-01 01:24:39','reset','common'),(2,20,'2013-04-01 02:15:36','reset','common'),(3,10,'2013-04-11 15:39:15','Cambio de limite N: 12000  P: 23000','common'),(4,10,'2014-02-19 22:49:06','Cambio de limite N: 2000  P: ','common'),(5,10,'2014-02-19 22:49:12','Cambio de limite N: 4000  P: ','common'),(6,10,'2014-02-19 22:49:15','Cambio de limite N: 2000  P: ','common'),(7,10,'2014-02-19 22:49:30','Cambio de limite N: 0  P: ','common'),(8,10,'2014-02-19 22:49:36','Cambio de limite N: 0  P: 1000','common'),(9,10,'2014-02-19 22:49:40','Cambio de limite N: 4000  P: 2000','common'),(10,10,'2014-02-19 22:49:43','Cambio de limite N: 2000  P: 3000','common'),(11,10,'2014-02-19 23:30:00','Cambio de limite N: 1000  P: -50000','common'),(12,10,'2014-02-19 23:30:04','Cambio de limite N: 2000  P: -24000','common'),(13,10,'2014-02-19 23:30:08','Cambio de limite N: 3000  P: ','common'),(14,10,'2014-02-19 23:30:12','Cambio de limite N: 4000  P: ','common'),(15,10,'2014-02-19 23:30:15','Cambio de limite N: 5000  P: ','common'),(16,10,'2014-02-19 23:30:18','Cambio de limite N: 6000  P: ','common'),(17,10,'2014-02-19 23:30:21','Cambio de limite N: 7000  P: ','common'),(18,10,'2014-02-19 23:30:28','Cambio de limite N: 7000  P: 8000','common'),(19,10,'2014-02-19 23:30:31','Cambio de limite N: 6000  P: 9000','common'),(20,10,'2014-02-19 23:30:34','Cambio de limite N: 5000  P: 10000','common'),(21,10,'2014-02-19 23:30:37','Cambio de limite N: 4000  P: 11000','common'),(22,10,'2014-02-19 23:30:39','Cambio de limite N: 3000  P: 12000','common'),(23,10,'2014-02-19 23:30:42','Cambio de limite N: 2000  P: 13000','common'),(24,10,'2014-02-19 23:30:45','Cambio de limite N: 1000  P: 14000','common'),(25,20,'2014-03-19 19:02:41','Cambio de limite P: ','common'),(26,20,'2014-03-19 19:02:55','Cambio de limite P: ','common'),(27,20,'2014-03-19 19:03:01','Cambio de limite P: ','common'),(28,10,'2014-03-19 21:34:13','Cambio de limite N: 1000  P: ','common'),(29,10,'2014-03-19 21:34:17','Cambio de limite N: 1000  P: 1000','common'),(30,10,'2014-03-19 21:34:21','Cambio de limite N: 1000  P: ','common'),(31,10,'2014-03-19 21:34:25','Cambio de limite N: 1000  P: 2000','common'),(32,10,'2014-03-19 21:34:28','Cambio de limite N: 3000  P: ','common'),(33,10,'2014-03-19 21:34:40','Cambio de limite N: 3000  P: 4000','common'),(34,10,'2014-03-19 21:34:43','Cambio de limite N: 5000  P: ','common'),(35,10,'2014-03-19 21:34:47','Cambio de limite N: 5000  P: 6000','common'),(36,10,'2014-03-19 21:34:51','Cambio de limite N: 7000  P: ','common'),(37,10,'2014-03-19 21:34:55','Cambio de limite N: 7000  P: 8000','common'),(38,10,'2014-03-19 21:34:58','Cambio de limite N: 9000  P: ','common'),(39,10,'2014-03-19 21:35:03','Cambio de limite N: 9000  P: 10000','common'),(40,10,'2014-03-19 21:35:07','Cambio de limite N: 11000  P: ','common'),(41,10,'2014-03-19 21:35:10','Cambio de limite N: 11000  P: 12000','common'),(42,20,'2014-03-19 21:35:16','Cambio de limite P: 13000','common'),(43,21,'2014-03-19 21:35:21','Cambio de limite N: 14000','common'),(44,21,'2014-03-19 21:35:31','Cambio de limite P: 15000','common'),(45,22,'2014-03-19 21:35:38','Cambio de limite N: 16000','common'),(46,22,'2014-03-19 21:35:43','Cambio de limite N: 17000','common'),(47,23,'2014-03-19 21:35:48','Cambio de limite N: 18000','common'),(48,23,'2014-03-19 21:35:54','Cambio de limite P: 18000','common'),(49,24,'2014-03-19 21:35:58','Cambio de limite P: 0','common'),(50,24,'2014-03-19 21:36:05','Cambio de limite N: 19000','common'),(51,24,'2014-03-19 21:36:10','Cambio de limite P: 20000','common'),(52,25,'2014-03-19 21:36:14','Cambio de limite N: 21000','common'),(53,25,'2014-03-19 21:36:17','Cambio de limite P: 22000','common'),(54,30,'2014-03-19 21:36:42','Cambio de limite P: 30000','common'),(55,31,'2014-03-19 21:36:45','Cambio de limite N: 31000','common'),(56,31,'2014-03-19 21:36:51','Cambio de limite P: 32000','common'),(57,32,'2014-03-19 21:36:54','Cambio de limite N: 33000','common'),(58,32,'2014-03-19 21:36:59','Cambio de limite P: 34000','common'),(59,33,'2014-03-19 21:37:03','Cambio de limite N: 35000','common'),(60,33,'2014-03-19 21:37:08','Cambio de limite P: 36000','common'),(61,34,'2014-03-19 21:37:16','Cambio de limite N: 37000','common'),(62,34,'2014-03-19 21:37:19','Cambio de limite N: 37000','common'),(63,34,'2014-03-19 21:37:21','Cambio de limite N: 37000','common'),(64,34,'2014-03-19 21:37:24','Cambio de limite N: 37000','common'),(65,34,'2014-03-19 21:37:33','Cambio de limite P: 38000','common'),(66,35,'2014-03-19 21:37:37','Cambio de limite N: 39000','common'),(67,35,'2014-03-19 21:37:43','Cambio de limite P: 40000','common'),(68,120,'2014-03-19 21:37:59','Cambio de limite P: 40000','common'),(69,121,'2014-03-19 21:38:03','Cambio de limite N: 41000','common'),(70,121,'2014-03-19 21:38:07','Cambio de limite P: 42000','common'),(71,122,'2014-03-19 21:38:12','Cambio de limite N: 99999000','common'),(72,122,'2014-03-19 21:38:19','Cambio de limite N: 99999000','common'),(73,122,'2014-03-19 21:38:23','Cambio de limite P: 44000','common'),(74,123,'2014-03-19 21:38:27','Cambio de limite N: 45000','common'),(75,123,'2014-03-19 21:38:31','Cambio de limite P: 46000','common'),(76,124,'2014-03-19 21:38:35','Cambio de limite N: 47000','common'),(77,124,'2014-03-19 21:38:40','Cambio de limite P: 48000','common'),(78,125,'2014-03-19 21:38:45','Cambio de limite N: 49000','common'),(79,125,'2014-03-19 21:38:50','Cambio de limite P: 50000','common'),(80,130,'2014-03-19 21:39:01','Cambio de limite P: 130000','common'),(81,131,'2014-03-19 21:39:06','Cambio de limite N: 131000','common'),(82,131,'2014-03-19 21:39:11','Cambio de limite P: 132000','common'),(83,132,'2014-03-19 21:39:15','Cambio de limite N: 133000','common'),(84,132,'2014-03-19 21:39:19','Cambio de limite P: 134000','common'),(85,133,'2014-03-19 21:39:22','Cambio de limite N: 135000','common'),(86,133,'2014-03-19 21:39:27','Cambio de limite P: 136000','common'),(87,134,'2014-03-19 21:39:31','Cambio de limite N: 137000','common'),(88,134,'2014-03-19 21:39:36','Cambio de limite P: 138000','common'),(89,135,'2014-03-19 21:39:40','Cambio de limite N: 139000','common'),(90,135,'2014-03-19 21:39:45','Cambio de limite P: 140000','common'),(91,40,'2014-03-19 21:39:55','Cambio de limite P: 34000','common'),(92,41,'2014-03-19 21:40:06','Cambio de limite N: 31000','common'),(93,41,'2014-03-19 21:40:13','Cambio de limite N: 41000','common'),(94,41,'2014-03-19 21:40:17','Cambio de limite P: 42000','common'),(95,42,'2014-03-19 21:40:21','Cambio de limite N: 43000','common'),(96,42,'2014-03-19 21:40:26','Cambio de limite P: 44000','common'),(97,50,'2014-03-19 21:40:39','Cambio de limite P: 50000','common'),(98,50,'2014-03-19 21:40:42','Cambio de limite P: 50000','common'),(99,51,'2014-03-19 21:41:05','Cambio de limite N: 51000','common'),(100,51,'2014-03-19 21:41:11','Cambio de limite P: 52000','common'),(101,52,'2014-03-19 21:41:15','Cambio de limite N: 53000','common'),(102,52,'2014-03-19 21:41:19','Cambio de limite P: 54000','common'),(103,53,'2014-03-19 21:41:23','Cambio de limite N: 55000','common'),(104,53,'2014-03-19 21:41:28','Cambio de limite P: 56000','common'),(105,54,'2014-03-19 21:41:33','Cambio de limite N: 57000','common'),(106,54,'2014-03-19 21:41:38','Cambio de limite P: 58000','common'),(107,150,'2014-03-19 21:41:43','Cambio de limite N: 59000','common'),(108,150,'2014-03-19 21:41:49','Cambio de limite P: 60000','common'),(109,151,'2014-03-19 21:41:55','Cambio de limite N: 61000','common'),(110,151,'2014-03-19 21:42:02','Cambio de limite P: 62000','common'),(111,152,'2014-03-19 21:42:07','Cambio de limite N: 63000','common'),(112,152,'2014-03-19 21:42:12','Cambio de limite P: 64000','common'),(113,153,'2014-03-19 21:42:18','Cambio de limite N: 65000','common'),(114,153,'2014-03-19 21:42:24','Cambio de limite P: 66000','common'),(115,10,'2014-03-19 21:47:47','Cambio de limite N: 1000  P: 2000','common'),(116,10,'2014-03-19 21:47:50','Cambio de limite N: 3000  P: 2000','common'),(117,10,'2014-03-19 21:47:54','Cambio de limite N: 3000  P: 4000','common'),(118,10,'2014-03-19 21:47:58','Cambio de limite N: 5000  P: 4000','common'),(119,10,'2014-03-19 21:48:01','Cambio de limite N: 5000  P: 6000','common'),(120,10,'2014-03-19 21:48:04','Cambio de limite N: 7000  P: 6000','common'),(121,10,'2014-03-19 21:48:08','Cambio de limite N: 7000  P: 8000','common'),(122,10,'2014-03-19 21:48:11','Cambio de limite N: 9000  P: 8000','common'),(123,10,'2014-03-19 21:48:15','Cambio de limite N: 9000  P: 10000','common'),(124,10,'2014-03-19 21:48:18','Cambio de limite N: 11000  P: 10000','common'),(125,10,'2014-03-19 21:48:22','Cambio de limite N: 11000  P: 12000','common'),(126,10,'2014-03-19 21:48:25','Cambio de limite N: 13000  P: 12000','common'),(127,10,'2014-03-19 21:48:28','Cambio de limite N: 13000  P: 14000','common'),(128,122,'2014-03-19 21:57:19','Cambio de limite P: 12000','common'),(129,51,'2014-03-19 21:57:33','Cambio de limite N: 1000','common'),(130,51,'2014-03-19 21:57:36','Cambio de limite P: 2000','common'),(131,52,'2014-03-19 21:57:40','Cambio de limite N: 3000','common'),(132,52,'2014-03-19 21:57:43','Cambio de limite P: 4000','common'),(133,53,'2014-03-19 21:57:46','Cambio de limite N: 5000','common'),(134,53,'2014-03-19 21:57:51','Cambio de limite P: 6000','common'),(135,54,'2014-03-19 21:57:54','Cambio de limite N: 7000','common'),(136,54,'2014-03-19 21:58:00','Cambio de limite P: 8000','common'),(137,150,'2014-03-19 21:58:04','Cambio de limite N: 9000','common'),(138,150,'2014-03-19 21:58:08','Cambio de limite P: 10000','common'),(139,151,'2014-03-19 21:58:11','Cambio de limite N: 11000','common'),(140,151,'2014-03-19 21:58:14','Cambio de limite P: 12000','common'),(141,152,'2014-03-19 21:58:17','Cambio de limite N: 13000','common'),(142,152,'2014-03-19 21:58:20','Cambio de limite P: 14000','common'),(143,153,'2014-03-19 21:58:23','Cambio de limite N: 15000','common'),(144,153,'2014-03-19 21:58:26','Cambio de limite P: 16000','common'),(145,50,'2014-03-19 21:58:32','Cambio de limite P: 5000','common'),(146,10,'2014-03-20 01:34:33','Cambio de limite N: 4000  P: ','common'),(147,10,'2014-03-20 01:34:40','Cambio de limite N: 5000  P: ','common'),(148,130,'2014-03-20 01:34:59','Cambio de limite P: 5000','common'),(149,40,'2014-03-20 01:35:09','Cambio de limite P: 5000','common'),(150,50,'2014-03-20 01:35:15','Cambio de limite P: 5000','common'),(151,153,'2014-03-20 01:35:24','Cambio de limite P: 6000','common'),(152,50,'2014-03-20 01:40:22','Cambio de limite P: 1000','common'),(153,50,'2014-03-20 02:14:29','Cambio de limite P: 5000','common'),(154,50,'2014-03-20 02:17:20','Cambio de limite P: 10000','common'),(155,50,'2014-03-20 02:33:30','Cambio de limite P: 8000','common'),(156,34,'2014-03-20 02:35:52','Cambio de limite P: 5000','common'),(157,33,'2014-03-20 02:36:04','Cambio de limite P: 4000','common'),(158,10,'2014-03-20 02:51:59','Cambio de limite N: 1000  P: ','common'),(159,10,'2014-03-20 02:52:04','Cambio de limite N: 1000  P: 2000','common'),(160,10,'2014-03-20 02:52:08','Cambio de limite N: 3000  P: ','common'),(161,10,'2014-03-20 02:52:11','Cambio de limite N: 3000  P: 4000','common'),(162,10,'2014-03-20 02:52:16','Cambio de limite N: 5000  P: ','common'),(163,10,'2014-03-20 02:52:20','Cambio de limite N: 5000  P: 6000','common'),(164,10,'2014-03-20 02:52:24','Cambio de limite N: 7000  P: ','common'),(165,10,'2014-03-20 02:52:28','Cambio de limite N: 7000  P: 8000','common'),(166,10,'2014-03-20 02:52:32','Cambio de limite N: 9000  P: ','common'),(167,10,'2014-03-20 02:52:36','Cambio de limite N: 9000  P: 10000','common'),(168,10,'2014-03-20 02:52:40','Cambio de limite N: 11000  P: -24000','common'),(169,10,'2014-03-20 02:52:44','Cambio de limite N: 11000  P: 12000','common'),(170,10,'2014-03-20 02:52:48','Cambio de limite N: 13000  P: -50000','common'),(171,10,'2014-03-20 02:52:52','Cambio de limite N: 13000  P: 14000','common'),(172,20,'2014-03-20 02:53:02','Cambio de limite P: 20000','common'),(173,21,'2014-03-20 02:53:06','Cambio de limite N: 21000','common'),(174,21,'2014-03-20 02:53:12','Cambio de limite P: 22000','common'),(175,22,'2014-03-20 02:53:17','Cambio de limite N: 23000','common'),(176,22,'2014-03-20 02:53:22','Cambio de limite N: 24000','common'),(177,23,'2014-03-20 02:53:28','Cambio de limite N: 25000','common'),(178,23,'2014-03-20 02:53:32','Cambio de limite P: 26000','common'),(179,24,'2014-03-20 02:53:36','Cambio de limite N: 27000','common'),(180,24,'2014-03-20 02:53:40','Cambio de limite P: 28000','common'),(181,25,'2014-03-20 02:53:44','Cambio de limite N: 29000','common'),(182,25,'2014-03-20 02:53:50','Cambio de limite P: 30000','common'),(183,30,'2014-03-20 02:54:14','Cambio de limite P: 30000','common'),(184,31,'2014-03-20 02:54:21','Cambio de limite N: 31000','common'),(185,31,'2014-03-20 02:54:26','Cambio de limite P: 32000','common'),(186,32,'2014-03-20 02:54:30','Cambio de limite N: 33000','common'),(187,32,'2014-03-20 02:54:33','Cambio de limite P: 34000','common'),(188,33,'2014-03-20 02:54:37','Cambio de limite N: 35000','common'),(189,33,'2014-03-20 02:54:48','Cambio de limite P: 36000','common'),(190,34,'2014-03-20 02:54:54','Cambio de limite N: 37000','common'),(191,34,'2014-03-20 02:54:58','Cambio de limite P: 38000','common'),(192,35,'2014-03-20 02:55:02','Cambio de limite N: 39000','common'),(193,35,'2014-03-20 02:55:06','Cambio de limite P: 40000','common'),(194,21,'2014-03-20 03:05:29','Cambio de limite N: 1000','common'),(195,21,'2014-03-20 03:05:31','Cambio de limite P: 2000','common'),(196,22,'2014-03-20 03:05:35','Cambio de limite N: 3000','common'),(197,22,'2014-03-20 03:05:38','Cambio de limite N: 4000','common'),(198,23,'2014-03-20 03:05:41','Cambio de limite N: 5000','common'),(199,23,'2014-03-20 03:05:44','Cambio de limite P: 6000','common'),(200,24,'2014-03-20 03:05:47','Cambio de limite N: 7000','common'),(201,24,'2014-03-20 03:05:50','Cambio de limite P: 8000','common'),(202,25,'2014-03-20 03:05:53','Cambio de limite N: 9000','common'),(203,25,'2014-03-20 03:05:58','Cambio de limite P: 10000','common'),(204,31,'2014-03-20 03:06:05','Cambio de limite N: 1000','common'),(205,31,'2014-03-20 03:06:09','Cambio de limite P: 2000','common'),(206,32,'2014-03-20 03:06:11','Cambio de limite N: 3000','common'),(207,32,'2014-03-20 03:06:15','Cambio de limite P: 0','common'),(208,32,'2014-03-20 03:06:18','Cambio de limite P: 4000','common'),(209,33,'2014-03-20 03:06:21','Cambio de limite N: 5000','common'),(210,33,'2014-03-20 03:06:25','Cambio de limite P: 6000','common'),(211,34,'2014-03-20 03:06:28','Cambio de limite N: 7000','common'),(212,34,'2014-03-20 03:06:31','Cambio de limite P: 8000','common'),(213,35,'2014-03-20 03:06:34','Cambio de limite N: 9000','common'),(214,35,'2014-03-20 03:06:39','Cambio de limite P: 10000','common'),(215,121,'2014-03-20 03:06:50','Cambio de limite N: 1000','common'),(216,121,'2014-03-20 03:06:53','Cambio de limite P: 2000','common'),(217,122,'2014-03-20 03:06:56','Cambio de limite N: 0','common'),(218,122,'2014-03-20 03:07:04','Cambio de limite N: 0','common'),(219,122,'2014-03-20 03:07:07','Cambio de limite P: 4000','common'),(220,123,'2014-03-20 03:07:11','Cambio de limite N: 5000','common'),(221,123,'2014-03-20 03:07:14','Cambio de limite P: 6000','common'),(222,124,'2014-03-20 03:07:17','Cambio de limite N: 7000','common'),(223,124,'2014-03-20 03:07:20','Cambio de limite P: 8000','common'),(224,125,'2014-03-20 03:07:23','Cambio de limite N: 9000','common'),(225,125,'2014-03-20 03:07:27','Cambio de limite P: 10000','common'),(226,131,'2014-03-20 03:07:34','Cambio de limite N: 1000','common'),(227,131,'2014-03-20 03:07:36','Cambio de limite P: 2000','common'),(228,132,'2014-03-20 03:07:39','Cambio de limite N: 3000','common'),(229,132,'2014-03-20 03:07:42','Cambio de limite P: 4000','common'),(230,133,'2014-03-20 03:07:45','Cambio de limite N: 5000','common'),(231,133,'2014-03-20 03:07:49','Cambio de limite P: 6000','common'),(232,134,'2014-03-20 03:07:52','Cambio de limite N: 7000','common'),(233,134,'2014-03-20 03:07:55','Cambio de limite P: 8000','common'),(234,135,'2014-03-20 03:07:59','Cambio de limite N: 9000','common'),(235,135,'2014-03-20 03:08:03','Cambio de limite P: 10000','common'),(236,40,'2014-03-20 03:08:09','Cambio de limite P: 1000','common'),(237,41,'2014-03-20 03:08:11','Cambio de limite N: 2000','common'),(238,10,'2014-03-20 03:13:34','Cambio de limite N: 1000  P: ','common'),(239,10,'2014-03-20 03:13:37','Cambio de limite N: 1000  P: 2000','common'),(240,10,'2014-03-20 03:13:40','Cambio de limite N: 3000  P: ','common'),(241,10,'2014-03-20 03:13:45','Cambio de limite N: 3000  P: 4000','common'),(242,10,'2014-03-20 03:13:49','Cambio de limite N: 5000  P: ','common'),(243,10,'2014-03-20 03:13:52','Cambio de limite N: 5000  P: 6000','common'),(244,10,'2014-03-20 03:13:57','Cambio de limite N: 7000  P: ','common'),(245,10,'2014-03-20 03:14:00','Cambio de limite N: 7000  P: 8000','common'),(246,10,'2014-03-20 03:14:03','Cambio de limite N: 9000  P: ','common'),(247,10,'2014-03-20 03:14:08','Cambio de limite N: 9000  P: 10000','common'),(248,10,'2014-03-20 03:14:11','Cambio de limite N: 11000  P: -24000','common'),(249,10,'2014-03-20 03:14:14','Cambio de limite N: 11000  P: 12000','common'),(250,10,'2014-03-20 03:14:18','Cambio de limite N: 13000  P: -50000','common'),(251,10,'2014-03-20 03:14:22','Cambio de limite N: 13000  P: 14000','common'),(252,20,'2014-03-20 03:14:33','Cambio de limite P: 20000','common'),(253,21,'2014-03-20 03:14:40','Cambio de limite N: 210000','common'),(254,21,'2014-03-20 03:14:43','Cambio de limite P: 220000','common'),(255,22,'2014-03-20 03:14:48','Cambio de limite N: 230000','common'),(256,22,'2014-03-20 03:14:51','Cambio de limite N: 240000','common'),(257,23,'2014-03-20 03:14:54','Cambio de limite N: 250000','common'),(258,23,'2014-03-20 03:14:58','Cambio de limite P: 260000','common'),(259,24,'2014-03-20 03:15:02','Cambio de limite N: 270000','common'),(260,24,'2014-03-20 03:15:06','Cambio de limite P: 280000','common'),(261,25,'2014-03-20 03:15:12','Cambio de limite N: 290000','common'),(262,25,'2014-03-20 03:15:17','Cambio de limite P: 300000','common'),(263,30,'2014-03-20 03:15:26','Cambio de limite P: 30000','common'),(264,31,'2014-03-20 03:15:30','Cambio de limite N: 310000','common'),(265,31,'2014-03-20 03:15:34','Cambio de limite P: 320000','common'),(266,32,'2014-03-20 03:15:37','Cambio de limite N: 330000','common'),(267,32,'2014-03-20 03:15:40','Cambio de limite P: 340000','common'),(268,33,'2014-03-20 03:15:44','Cambio de limite N: 350000','common'),(269,33,'2014-03-20 03:15:47','Cambio de limite P: 360000','common'),(270,34,'2014-03-20 03:15:51','Cambio de limite N: 370000','common'),(271,34,'2014-03-20 03:15:55','Cambio de limite P: 380000','common'),(272,35,'2014-03-20 03:15:58','Cambio de limite N: 390000','common'),(273,35,'2014-03-20 03:16:02','Cambio de limite P: 400000','common'),(274,120,'2014-03-20 03:16:21','Cambio de limite P: 120000','common'),(275,121,'2014-03-20 03:16:33','Cambio de limite N: 1210000','common'),(276,121,'2014-03-20 03:16:39','Cambio de limite P: 1220000','common'),(277,122,'2014-03-20 03:16:43','Cambio de limite N: 1230000','common'),(278,122,'2014-03-20 03:16:47','Cambio de limite P: 1240000','common'),(279,123,'2014-03-20 03:16:52','Cambio de limite N: 1250000','common'),(280,123,'2014-03-20 03:16:57','Cambio de limite P: 1260000','common'),(281,124,'2014-03-20 03:17:04','Cambio de limite N: 1270000','common'),(282,124,'2014-03-20 03:17:10','Cambio de limite P: 1280000','common'),(283,125,'2014-03-20 03:17:16','Cambio de limite N: 1290000','common'),(284,125,'2014-03-20 03:17:22','Cambio de limite P: 1300000','common'),(285,130,'2014-03-20 03:17:30','Cambio de limite P: 130000','common'),(286,131,'2014-03-20 03:17:37','Cambio de limite N: 1310000','common'),(287,131,'2014-03-20 03:17:41','Cambio de limite P: 1320000','common'),(288,132,'2014-03-20 03:17:48','Cambio de limite N: 1330000','common'),(289,132,'2014-03-20 03:17:55','Cambio de limite P: 1340000','common'),(290,133,'2014-03-20 03:18:01','Cambio de limite N: 1350000','common'),(291,133,'2014-03-20 03:18:08','Cambio de limite P: 1360000','common'),(292,134,'2014-03-20 03:18:12','Cambio de limite N: 1370000','common'),(293,134,'2014-03-20 03:18:17','Cambio de limite P: 1380000','common'),(294,135,'2014-03-20 03:18:21','Cambio de limite N: 1390000','common'),(295,135,'2014-03-20 03:18:27','Cambio de limite P: 1400000','common'),(296,40,'2014-03-20 03:18:36','Cambio de limite P: 40000','common'),(297,41,'2014-03-20 03:18:40','Cambio de limite N: 410000','common'),(298,41,'2014-03-20 03:18:44','Cambio de limite P: 420000','common'),(299,42,'2014-03-20 03:18:48','Cambio de limite N: 430000','common'),(300,42,'2014-03-20 03:18:51','Cambio de limite P: 440000','common'),(301,50,'2014-03-20 03:19:04','Cambio de limite P: 10000','common'),(302,51,'2014-03-20 03:19:09','Cambio de limite N: 20000','common'),(303,51,'2014-03-20 03:19:12','Cambio de limite P: 30000','common'),(304,52,'2014-03-20 03:19:15','Cambio de limite N: 40000','common'),(305,52,'2014-03-20 03:19:19','Cambio de limite P: 50000','common'),(306,53,'2014-03-20 03:19:22','Cambio de limite N: 60000','common'),(307,53,'2014-03-20 03:19:25','Cambio de limite P: 70000','common'),(308,54,'2014-03-20 03:19:29','Cambio de limite N: 80000','common'),(309,54,'2014-03-20 03:19:32','Cambio de limite P: 90000','common'),(310,150,'2014-03-20 03:19:39','Cambio de limite N: 100000','common'),(311,150,'2014-03-20 03:19:43','Cambio de limite P: 110000','common'),(312,151,'2014-03-20 03:19:45','Cambio de limite N: 120000','common'),(313,151,'2014-03-20 03:19:49','Cambio de limite P: 130000','common'),(314,152,'2014-03-20 03:19:52','Cambio de limite N: 140000','common'),(315,152,'2014-03-20 03:19:56','Cambio de limite P: 150000','common'),(316,153,'2014-03-20 03:19:59','Cambio de limite N: 160000','common'),(317,153,'2014-03-20 03:20:03','Cambio de limite P: 170000','common'),(318,50,'2014-03-20 03:20:12','Cambio de limite P: 10000','common'),(319,50,'2014-03-20 03:24:10','Cambio de limite P: 9000','common'),(320,50,'2014-03-20 03:24:16','Cambio de limite P: 7000','common'),(321,10,'2014-03-20 15:24:52','Cambio de limite N: 4000  P: ','common'),(322,10,'2014-04-02 22:24:18','Cambio de limite N: 1000  P: 0','common'),(323,10,'2014-04-02 22:28:03','Cambio de limite N: 1000  P: 0','common'),(324,10,'2014-04-03 21:23:53','Cambio de limite N: 90000  P: 0','common'),(325,10,'2014-04-03 21:24:08','Cambio de limite N: 0  P: 98000','common'),(326,21,'2014-04-03 21:24:55','Cambio de limite N: 70000','common'),(327,25,'2014-04-03 21:25:04','Cambio de limite P: 90000','common'),(328,10,'2014-04-03 23:20:07','Cambio de limite N: 9000  P: 0','common'),(329,10,'2014-04-03 23:20:13','Cambio de limite N: 0  P: 9000','common'),(330,51,'2014-04-03 23:46:04','Cambio de limite N: 1000','common'),(331,10,'2014-04-03 23:57:48','Cambio de limite N: 1000  P: 0','common'),(332,10,'2014-04-03 23:57:50','Cambio de limite N: 2000  P: 0','common'),(333,10,'2014-04-03 23:57:54','Cambio de limite N: 3000  P: 0','common'),(334,10,'2014-04-04 09:41:52','Cambio de limite N: 1000  P: 0','common'),(335,10,'2014-04-04 22:57:56','Cambio de limite N: -4000  P: 0','common'),(336,10,'2014-04-04 22:58:00','Cambio de limite N: 4000  P: 0','common'),(337,31,'2014-04-07 23:49:24','Cambio de limite N: 3000','common'),(338,32,'2014-04-07 23:49:27','Cambio de limite N: 3000','common'),(339,33,'2014-04-07 23:49:32','Cambio de limite N: 5000','common'),(340,34,'2014-04-07 23:49:39','Cambio de limite N: -4000','common'),(341,31,'2014-04-07 23:50:22','Cambio de limite P: 3000','common'),(342,10,'2014-04-08 00:07:07','Cambio de limite N: 5000  P: 0','common'),(343,10,'2014-04-08 00:24:35','Cambio de limite N: 5000  P: 0','common'),(344,10,'2014-04-08 22:22:00','Cambio de limite N: 0  P: 0','common'),(345,10,'2014-04-09 20:50:42','Cambio de límite N: 5000','common'),(346,13,'2014-04-09 20:50:50','Cambio de límite P: 0','common'),(347,13,'2014-04-09 20:55:07','Cambio de límite N: 0','common'),(348,10,'2014-04-09 21:03:01','Cambio de limite N: 0  P: 0','common'),(349,10,'2014-04-09 21:03:05','Cambio de limite N: 0  P: 0','common'),(350,10,'2014-04-09 21:03:08','Cambio de limite N: 0  P: 0','common'),(351,10,'2014-04-09 21:03:15','Cambio de limite N: 0  P: 0','common'),(352,10,'2014-04-09 21:03:17','Cambio de limite N: 0  P: 0','common'),(353,10,'2014-04-09 21:03:20','Cambio de limite N: 0  P: 0','common'),(354,10,'2014-04-09 21:03:23','Cambio de limite N: 0  P: 0','common'),(355,10,'2014-04-09 21:03:30','Cambio de limite N: 1000  P: 0','common'),(356,10,'2014-04-09 21:03:33','Cambio de limite N: 1000  P: 0','common'),(357,10,'2014-04-09 21:05:19','Cambio de limite N: 2000  P: ','common'),(358,10,'2014-04-09 21:05:22','Cambio de limite N: 3000  P: ','common'),(359,10,'2014-04-09 21:05:24','Cambio de limite N: 4000  P: ','common'),(360,10,'2014-04-09 21:05:28','Cambio de limite N: 2000  P: ','common'),(361,10,'2014-04-09 21:05:30','Cambio de limite N: 3000  P: ','common'),(362,10,'2014-04-09 22:33:30','Cambio de límite P: 5000','common'),(363,10,'2014-04-09 22:33:41','Cambio de límite P: 0','common'),(364,10,'2014-04-09 22:33:49','Cambio de límite P: 7000','common'),(365,10,'2014-04-09 22:34:20','Cambio de límite P: 12000','common'),(366,11,'2014-04-09 22:34:28','Cambio de límite N: 0','common'),(367,11,'2014-04-09 22:34:41','Cambio de límite N: 0','common'),(368,10,'2014-04-09 22:38:22','Cambio de límite P: 0','common'),(369,10,'2014-04-09 22:39:52','Cambio de límite P: 5000','common'),(370,11,'2014-04-09 22:40:13','Cambio de límite N: 8000','common'),(371,14,'2014-04-09 22:40:18','Cambio de límite N: 1000','common'),(372,14,'2014-04-09 22:40:23','Cambio de límite N: 1000','common'),(373,14,'2014-04-09 22:40:29','Cambio de límite N: 2000','common'),(374,13,'2014-04-09 22:40:36','Cambio de límite N: 8000','common'),(375,15,'2014-04-09 22:40:52','Cambio de límite N: 11000','common'),(376,16,'2014-04-09 22:41:08','Cambio de límite N: 10000','common'),(377,16,'2014-04-09 22:41:16','Cambio de límite P: 14000','common'),(378,11,'2014-04-09 22:54:06','Cambio de límite N: -2000','common'),(379,12,'2014-04-09 22:54:25','Cambio de límite N: -7000','common'),(380,10,'2014-04-09 22:56:21','Cambio de límite P: 1000','common'),(381,11,'2014-04-09 22:56:59','Cambio de límite N: 5000','common'),(382,11,'2014-04-09 22:58:35','Cambio de límite N: 9000','common'),(383,11,'2014-04-09 22:59:08','Cambio de límite N: 6000','common'),(384,11,'2014-04-09 23:00:24','Cambio de límite N: 4000','common'),(385,11,'2014-04-09 23:01:55','Cambio de límite N: -3000','common'),(386,10,'2014-04-09 23:02:15','Cambio de límite P: -2000','common'),(387,12,'2014-04-09 23:02:35','Cambio de límite N: -7000','common'),(388,11,'2014-04-09 23:03:07','Cambio de límite N: 4000','common'),(389,11,'2014-04-09 23:03:32','Cambio de límite N: -2000','common'),(390,11,'2014-04-09 23:04:06','Cambio de límite N: -5000','common'),(391,11,'2014-04-09 23:04:41','Cambio de límite N: -2000','common'),(392,10,'2014-04-09 23:23:12','Cambio de límite P: 2000','common'),(393,10,'2014-04-09 23:28:55','Cambio de límite P: 6000','common'),(394,11,'2014-04-09 23:29:30','Cambio de límite N: -2000','common'),(395,11,'2014-04-09 23:29:44','Cambio de límite N: -2000','common'),(396,11,'2014-04-09 23:30:06','Cambio de límite N: 8000','common'),(397,11,'2014-04-09 23:31:31','Cambio de límite N: 3000','common'),(398,12,'2014-04-09 23:31:36','Cambio de límite N: -11000','common'),(399,13,'2014-04-09 23:31:39','Cambio de límite N: -12000','common'),(400,14,'2014-04-09 23:31:42','Cambio de límite N: 1000','common'),(401,15,'2014-04-09 23:31:44','Cambio de límite N: 2000','common'),(402,16,'2014-04-09 23:31:46','Cambio de límite N: 2000','common'),(403,11,'2014-04-09 23:31:50','Cambio de límite P: -1000','common'),(404,14,'2014-04-09 23:31:55','Cambio de límite P: -11000','common'),(405,15,'2014-04-09 23:31:58','Cambio de límite P: -22000','common'),(406,16,'2014-04-09 23:32:04','Cambio de límite P: -34000','common'),(407,12,'2014-04-09 23:32:11','Cambio de límite N: -19000','common'),(408,11,'2014-04-09 23:32:20','Cambio de límite N: 4000','common'),(409,11,'2014-04-09 23:32:25','Cambio de límite N: -2000','common'),(410,11,'2014-04-09 23:32:38','Cambio de límite N: 0','common'),(411,11,'2014-04-09 23:32:43','Cambio de límite N: -2000','common'),(412,11,'2014-04-09 23:33:00','Cambio de límite N: -104000','common'),(413,11,'2014-04-09 23:33:07','Cambio de límite N: -4000','common'),(414,11,'2014-04-09 23:33:17','Cambio de límite N: -2000','common'),(415,11,'2014-04-09 23:33:23','Cambio de límite N: -3000','common'),(416,11,'2014-04-09 23:33:28','Cambio de límite N: -2000','common'),(417,21,'2014-04-09 23:33:35','Cambio de límite N: -9000','common'),(418,22,'2014-04-09 23:33:40','Cambio de límite N: -19000','common'),(419,23,'2014-04-09 23:33:46','Cambio de límite N: -18000','common'),(420,24,'2014-04-09 23:33:52','Cambio de límite N: -16000','common'),(421,25,'2014-04-09 23:34:02','Cambio de límite N: -2000','common'),(422,20,'2014-04-09 23:34:11','Cambio de límite P: 54000','common'),(423,10,'2014-04-10 19:28:24','Cambio de límite P: 13000','common'),(424,10,'2014-04-10 19:28:40','Cambio de límite P: 121000','common'),(425,11,'2014-04-10 19:28:44','Cambio de límite N: 1000','common'),(426,12,'2014-04-10 19:28:46','Cambio de límite N: -9000','common'),(427,12,'2014-04-10 19:28:54','Cambio de límite N: 0','common'),(428,12,'2014-04-10 19:28:57','Cambio de límite N: -9000','common'),(429,12,'2014-04-10 19:29:01','Cambio de límite N: 111000','common'),(430,13,'2014-04-10 19:29:08','Cambio de límite N: 9000','common'),(431,14,'2014-04-10 19:29:11','Cambio de límite N: 23000','common'),(432,15,'2014-04-10 19:29:14','Cambio de límite N: 4000','common'),(433,10,'2014-04-10 20:00:03','Cambio de límite P: 50000','common'),(434,10,'2014-04-10 20:00:52','Cambio de límite P: 110000','common'),(435,11,'2014-04-10 20:00:54','Cambio de límite N: 108000','common'),(436,12,'2014-04-10 20:00:55','Cambio de límite N: 108000','common'),(437,13,'2014-04-10 20:00:57','Cambio de límite N: 108000','common'),(438,14,'2014-04-10 20:00:59','Cambio de límite N: 114000','common'),(439,15,'2014-04-10 20:01:00','Cambio de límite N: 115000','common'),(440,15,'2014-04-10 20:01:02','Cambio de límite N: 0','common'),(441,16,'2014-04-10 20:01:04','Cambio de límite N: 116000','common'),(442,15,'2014-04-10 20:01:14','Cambio de límite N: 115000','common'),(443,15,'2014-04-10 20:01:27','Cambio de límite N: 125000','common'),(444,15,'2014-04-10 20:01:32','Cambio de límite N: 115000','common'),(445,14,'2014-04-10 20:15:42','Cambio de límite N: 214000','common'),(446,10,'2014-04-10 20:33:43','Cambio de límite P: -6000','common'),(447,10,'2014-04-10 20:33:46','Cambio de límite P: -6000','common'),(448,11,'2014-04-10 20:33:50','Cambio de límite N: -7000','common'),(449,12,'2014-04-10 20:33:51','Cambio de límite N: -8000','common'),(450,10,'2014-04-10 20:36:30','Cambio de límite P: -6000','common'),(451,10,'2014-04-10 20:36:40','Cambio de límite P: -6000','common'),(452,10,'2014-04-10 20:36:46','Cambio de límite P: -3000','common'),(453,10,'2014-04-10 20:36:54','Cambio de límite P: -2000','common'),(454,11,'2014-04-10 20:37:08','Cambio de límite N: -7000','common'),(455,11,'2014-04-10 20:37:24','Cambio de límite N: -5000','common'),(456,10,'2014-04-10 20:40:04','Cambio de límite P: -3000','common'),(457,10,'2014-04-10 20:40:09','Cambio de límite P: 0','common'),(458,10,'2014-04-10 20:40:16','Cambio de límite P: -26000','common'),(459,10,'2014-04-10 20:40:27','Cambio de límite P: -26000','common'),(460,13,'2014-04-10 20:41:25','Cambio de límite N: -9000','common'),(461,13,'2014-04-10 20:41:30','Cambio de límite N: 14000','common'),(462,10,'2014-04-10 23:31:35','Cambio de límite P: 16000','common'),(463,15,'2014-04-10 23:31:42','Cambio de límite P: -207000','common'),(464,10,'2014-04-14 22:15:00','Cambio de límite P: -3000','common'),(465,10,'2014-04-14 22:15:07','Cambio de límite P: 97000','common'),(466,10,'2014-04-14 22:44:21','Cambio de límite P: -3000','common'),(467,10,'2014-04-14 22:44:29','Cambio de límite P: 297000','common'),(468,10,'2014-04-14 22:45:01','Cambio de límite P: 147000','common'),(469,10,'2014-04-14 22:45:17','Cambio de límite P: 0','common'),(470,151,'2014-04-17 16:43:12','reset','common'),(471,151,'2014-04-17 16:43:27','reset','common'),(472,151,'2014-04-17 16:43:27','reset','common'),(473,151,'2014-04-17 16:43:27','reset','common'),(474,151,'2014-04-17 16:43:27','reset','common'),(475,151,'2014-04-17 16:43:28','reset','common'),(476,151,'2014-04-17 16:43:28','reset','common'),(477,151,'2014-04-17 16:43:28','reset','common'),(478,151,'2014-04-17 16:43:28','reset','common'),(479,151,'2014-04-17 16:45:15','reset','common'),(480,10,'2014-04-23 19:35:16','Cambio de límite P: -1000','common'),(481,10,'2014-04-24 21:27:50','Cambio de límite P: 6000','common'),(482,10,'2014-04-24 21:28:48','Cambio de límite P: -2000','common'),(483,10,'2014-04-24 21:32:29','Cambio de límite P: 1000','common'),(484,10,'2014-04-24 21:59:05','Cambio de límite P: 0','common'),(485,10,'2014-04-24 21:59:11','Cambio de límite P: 1000000','common'),(486,10,'2014-04-24 22:29:15','Cambio de límite P: 80000','common'),(487,10,'2014-04-24 22:29:28','Cambio de límite P: 90000','common'),(488,10,'2014-04-24 22:29:35','Cambio de límite P: 100000','common'),(489,10,'2014-04-24 22:40:03','Cambio de límite P: 50000','common'),(490,10,'2014-04-24 22:44:08','Cambio de límite P: 12000','common'),(491,10,'2014-04-24 22:44:59','Cambio de límite P: 1000','common'),(492,10,'2014-04-24 22:45:05','Cambio de límite P: 1000','common'),(493,10,'2014-04-24 22:48:28','Cambio de límite P: 0','common'),(494,10,'2014-04-24 23:28:18','Cambio de límite P: 12000','common'),(495,10,'2014-04-24 23:28:26','Cambio de límite P: 11111000','common'),(496,10,'2014-04-24 23:42:38','reset','common'),(497,131,'2014-04-25 00:14:01','Cambio de límite N: 4000','common'),(498,131,'2014-04-25 00:14:24','Cambio de límite P: -3000','common'),(499,132,'2014-04-25 00:14:28','Cambio de límite P: -2000','common'),(500,133,'2014-04-25 00:14:32','Cambio de límite P: -98000','common'),(501,134,'2014-04-25 00:14:35','Cambio de límite N: 1000','common'),(502,21,'2014-04-29 17:12:13','Cambio de límite N: -20000','common'),(503,22,'2014-04-29 17:12:16','Cambio de límite N: -20000','common'),(504,23,'2014-04-29 17:12:18','Cambio de límite N: -19000','common'),(505,24,'2014-04-29 17:12:20','Cambio de límite N: -19000','common'),(506,25,'2014-04-29 17:12:23','Cambio de límite N: -19000','common'),(507,20,'2014-04-29 17:12:27','Cambio de límite P: 12000','common'),(508,21,'2014-04-29 17:12:34','Cambio de límite P: -16000','common'),(509,22,'2014-04-29 17:12:37','Cambio de límite P: -18000','common'),(510,23,'2014-04-29 17:12:40','Cambio de límite P: -20000','common'),(511,24,'2014-04-29 17:12:42','Cambio de límite P: -22000','common'),(512,25,'2014-04-29 17:12:44','Cambio de límite P: -25000','common'),(513,25,'2014-04-29 17:12:48','Cambio de límite P: -25000','common'),(514,25,'2014-04-29 17:12:51','Cambio de límite P: -25000','common'),(515,25,'2014-04-29 17:12:54','Cambio de límite P: -25000','common'),(516,25,'2014-04-29 17:13:00','Cambio de límite P: -25000','common'),(517,31,'2014-04-29 17:13:09','Cambio de límite N: -30000','common'),(518,32,'2014-04-29 17:13:12','Cambio de límite N: -30000','common'),(519,33,'2014-04-29 17:13:14','Cambio de límite N: -30000','common'),(520,34,'2014-04-29 17:13:16','Cambio de límite N: -30000','common'),(521,35,'2014-04-29 17:13:21','Cambio de límite N: -30000','common'),(522,30,'2014-04-29 17:13:24','Cambio de límite P: 5000','common'),(523,31,'2014-04-29 17:13:28','Cambio de límite P: -25000','common'),(524,32,'2014-04-29 17:13:33','Cambio de límite P: -25000','common'),(525,33,'2014-04-29 17:13:36','Cambio de límite P: -25000','common'),(526,34,'2014-04-29 17:13:40','Cambio de límite P: -25000','common'),(527,35,'2014-04-29 17:13:46','Cambio de límite P: -25000','common'),(528,121,'2014-04-29 17:16:05','Cambio de límite P: -120000','common'),(529,122,'2014-04-29 17:16:08','Cambio de límite N: -120000','common'),(530,123,'2014-04-29 17:16:10','Cambio de límite P: -120000','common'),(531,123,'2014-04-29 17:16:15','Cambio de límite P: -119000','common'),(532,124,'2014-04-29 17:16:19','Cambio de límite P: -119000','common'),(533,125,'2014-04-29 17:16:23','Cambio de límite N: -119000','common'),(534,120,'2014-04-29 17:16:27','Cambio de límite P: 1000','common'),(535,121,'2014-04-29 17:16:29','Cambio de límite P: -119000','common'),(536,122,'2014-04-29 17:16:41','Cambio de límite P: -119000','common'),(537,123,'2014-04-29 17:16:48','Cambio de límite P: -118000','common'),(538,123,'2014-04-29 17:16:52','Cambio de límite P: -117000','common'),(539,123,'2014-04-29 17:16:57','Cambio de límite P: -118000','common'),(540,124,'2014-04-29 17:17:02','Cambio de límite P: -117000','common'),(541,125,'2014-04-29 17:17:05','Cambio de límite P: -117000','common'),(542,25,'2014-04-29 17:18:29','Cambio de límite P: -25000','common'),(543,25,'2014-04-29 17:18:33','Cambio de límite P: -25000','common'),(544,25,'2014-04-29 17:18:37','Cambio de límite P: -25000','common'),(545,25,'2014-04-29 17:19:05','Cambio de límite P: -25000','common'),(546,123,'2014-04-29 17:21:36','Cambio de límite P: -119000','common'),(547,131,'2014-04-29 17:22:23','Cambio de límite N: -3000','common'),(548,132,'2014-04-29 17:22:26','Cambio de límite N: -2000','common'),(549,133,'2014-04-29 17:22:28','Cambio de límite N: -97000','common'),(550,134,'2014-04-29 17:22:32','Cambio de límite N: 3000','common'),(551,135,'2014-04-29 17:22:35','Cambio de límite N: -130000','common'),(552,130,'2014-04-29 17:22:39','Cambio de límite P: 6000','common'),(553,131,'2014-04-29 17:22:43','Cambio de límite P: 3000','common'),(554,132,'2014-04-29 17:22:47','Cambio de límite P: 4000','common'),(555,133,'2014-04-29 17:22:50','Cambio de límite P: -91000','common'),(556,134,'2014-04-29 17:22:55','Cambio de límite N: 9000','common'),(557,135,'2014-04-29 17:22:58','Cambio de límite P: -124000','common'),(558,40,'2014-04-29 17:23:07','Cambio de límite P: 23000','common'),(559,41,'2014-04-29 17:23:17','Cambio de límite N: -6000','common'),(560,42,'2014-04-29 17:23:25','Cambio de límite N: -6000','common'),(561,41,'2014-04-29 17:23:31','Cambio de límite P: -4000','common'),(562,42,'2014-04-29 17:23:37','Cambio de límite P: -4000','common'),(563,51,'2014-04-29 17:23:47','Cambio de límite N: -50000','common'),(564,52,'2014-04-29 17:23:49','Cambio de límite N: -23000','common'),(565,53,'2014-04-29 17:23:58','Cambio de límite N: -50000','common'),(566,54,'2014-04-29 17:24:01','Cambio de límite P: 10000','common'),(567,150,'2014-04-29 17:24:05','Cambio de límite N: -1000','common'),(568,151,'2014-04-29 17:24:08','Cambio de límite N: -50000','common'),(569,152,'2014-04-29 17:24:11','Cambio de límite N: -50000','common'),(570,153,'2014-04-29 17:24:14','Cambio de límite N: -50000','common'),(571,50,'2014-04-29 17:24:17','Cambio de límite P: 9000','common'),(572,51,'2014-04-29 17:24:23','Cambio de límite P: -41000','common'),(573,52,'2014-04-29 17:24:26','Cambio de límite P: -14000','common'),(574,53,'2014-04-29 17:24:28','Cambio de límite P: -41000','common'),(575,54,'2014-04-29 17:24:31','Cambio de límite P: 19000','common'),(576,150,'2014-04-29 17:24:36','Cambio de límite P: 8000','common'),(577,151,'2014-04-29 17:24:39','Cambio de límite P: -41000','common'),(578,152,'2014-04-29 17:24:42','Cambio de límite P: -41000','common'),(579,153,'2014-04-29 17:24:45','Cambio de límite P: -41000','common'),(580,120,'2014-05-01 20:21:26','Cambio de límite P: 100000','common'),(581,120,'2014-05-02 15:34:56','reset','common'),(582,10,'2014-05-07 15:29:57','Cambio de límite P: 3000','common'),(583,10,'2014-05-07 15:30:02','Cambio de límite P: 180000','common'),(584,11,'2014-05-07 15:46:00','Cambio de límite N: 12000','common'),(585,12,'2014-05-07 15:46:05','Cambio de límite N: 23000','common'),(586,13,'2014-05-07 15:46:11','Cambio de límite N: 23000','common'),(587,14,'2014-05-07 15:46:13','Cambio de límite N: 23000','common'),(588,15,'2014-05-07 15:46:16','Cambio de límite N: 23000','common'),(589,16,'2014-05-07 15:46:18','Cambio de límite N: 23000','common'),(590,16,'2014-05-07 15:46:21','Cambio de límite P: 12000','common'),(591,15,'2014-05-07 15:46:26','Cambio de límite P: 12000','common'),(592,14,'2014-05-07 15:46:29','Cambio de límite P: 12000','common'),(593,13,'2014-05-07 15:46:35','Cambio de límite P: 12000','common'),(594,12,'2014-05-07 15:46:38','Cambio de límite P: 32000','common'),(595,11,'2014-05-07 15:46:41','Cambio de límite P: 43000','common'),(596,10,'2014-05-07 15:46:44','Cambio de límite P: -8000','common'),(597,10,'2014-05-07 15:46:49','Cambio de límite P: -8000','common'),(598,10,'2014-05-07 15:46:55','Cambio de límite P: -20000','common'),(599,20,'2014-05-07 15:47:04','Cambio de límite P: 12000','common'),(600,21,'2014-05-07 15:47:08','Cambio de límite N: 12000','common'),(601,22,'2014-05-07 15:47:10','Cambio de límite N: 13000','common'),(602,23,'2014-05-07 15:47:14','Cambio de límite N: 42000','common'),(603,24,'2014-05-07 15:47:17','Cambio de límite N: 43000','common'),(604,25,'2014-05-07 15:47:20','Cambio de límite N: 44000','common'),(605,25,'2014-05-07 15:47:24','Cambio de límite P: 0','common'),(606,25,'2014-05-07 15:47:27','Cambio de límite P: 0','common'),(607,24,'2014-05-07 15:47:53','Cambio de límite P: 12000','common'),(608,23,'2014-05-07 15:47:56','Cambio de límite P: 13000','common'),(609,22,'2014-05-07 15:47:59','Cambio de límite P: 14000','common'),(610,21,'2014-05-07 15:48:02','Cambio de límite P: 15000','common'),(611,20,'2014-05-07 15:48:07','Cambio de límite P: 16000','common'),(612,30,'2014-05-07 15:48:13','Cambio de límite P: 12000','common'),(613,31,'2014-05-07 15:48:17','Cambio de límite P: 13000','common'),(614,32,'2014-05-07 15:48:20','Cambio de límite P: 14000','common'),(615,33,'2014-05-07 15:48:23','Cambio de límite P: 15000','common'),(616,34,'2014-05-07 15:48:26','Cambio de límite P: 16000','common'),(617,35,'2014-05-07 15:48:29','Cambio de límite P: 17000','common'),(618,31,'2014-05-07 15:48:33','Cambio de límite N: 18000','common'),(619,32,'2014-05-07 15:48:37','Cambio de límite N: 19000','common'),(620,33,'2014-05-07 15:48:40','Cambio de límite N: 20000','common'),(621,34,'2014-05-07 15:48:44','Cambio de límite N: 21000','common'),(622,35,'2014-05-07 15:48:46','Cambio de límite N: 22000','common'),(623,121,'2014-05-07 15:48:51','Cambio de límite P: 1000','common'),(624,122,'2014-05-07 15:48:53','Cambio de límite N: 2000','common'),(625,123,'2014-05-07 15:48:55','Cambio de límite P: 3000','common'),(626,123,'2014-05-07 15:49:14','Cambio de límite P: 12000','common'),(627,123,'2014-05-07 15:49:23','Cambio de límite P: 13000','common'),(628,124,'2014-05-07 15:49:29','Cambio de límite P: 1000','common'),(629,125,'2014-05-07 15:49:32','Cambio de límite N: 2000','common'),(630,124,'2014-05-07 15:49:35','Cambio de límite P: 3000','common'),(631,125,'2014-05-07 15:49:37','Cambio de límite P: 4000','common'),(632,125,'2014-05-07 15:50:21','Cambio de límite N: 3000','common'),(633,120,'2014-05-07 15:50:26','Cambio de límite P: 12000','common'),(634,121,'2014-05-07 15:50:31','Cambio de límite P: 2000','common'),(635,122,'2014-05-07 15:50:35','Cambio de límite P: 2000','common'),(636,123,'2014-05-07 15:50:39','Cambio de límite P: 3000','common'),(637,124,'2014-05-07 15:50:49','Cambio de límite P: 4000','common'),(638,125,'2014-05-07 15:50:52','Cambio de límite P: 5000','common'),(639,125,'2014-05-07 15:51:00','Cambio de límite P: 12000','common'),(640,131,'2014-05-07 15:51:05','Cambio de límite N: 1000','common'),(641,132,'2014-05-07 15:51:07','Cambio de límite N: 2000','common'),(642,133,'2014-05-07 15:51:09','Cambio de límite N: 3000','common'),(643,134,'2014-05-07 15:51:11','Cambio de límite N: 4000','common'),(644,135,'2014-05-07 15:51:14','Cambio de límite N: 5000','common'),(645,130,'2014-05-07 15:51:18','Cambio de límite P: 1000','common'),(646,131,'2014-05-07 15:51:21','Cambio de límite P: 2000','common'),(647,132,'2014-05-07 15:51:24','Cambio de límite P: 3000','common'),(648,133,'2014-05-07 15:51:27','Cambio de límite P: 4000','common'),(649,134,'2014-05-07 15:51:30','Cambio de límite N: 5000','common'),(650,135,'2014-05-07 15:51:32','Cambio de límite P: 6000','common'),(651,40,'2014-05-07 15:51:38','Cambio de límite P: 12000','common'),(652,41,'2014-05-07 15:51:40','Cambio de límite N: 2000','common'),(653,41,'2014-05-07 15:51:42','Cambio de límite P: 4000','common'),(654,42,'2014-05-07 15:51:45','Cambio de límite N: 5000','common'),(655,42,'2014-05-07 15:51:50','Cambio de límite P: -2000','common'),(656,51,'2014-05-07 15:51:55','Cambio de límite N: 12000','common'),(657,51,'2014-05-07 15:52:00','Cambio de límite N: 14000','common'),(658,52,'2014-05-07 15:52:06','Cambio de límite N: 10000','common'),(659,53,'2014-05-07 15:52:08','Cambio de límite N: 1000','common'),(660,54,'2014-05-07 15:52:10','Cambio de límite P: 2000','common'),(661,150,'2014-05-07 15:52:12','Cambio de límite N: 3000','common'),(662,151,'2014-05-07 15:52:14','Cambio de límite N: -1000','common'),(663,152,'2014-05-07 15:52:17','Cambio de límite N: 1000','common'),(664,153,'2014-05-07 15:52:20','Cambio de límite N: 6000','common'),(665,50,'2014-05-07 15:52:23','Cambio de límite P: 1000','common'),(666,51,'2014-05-07 15:52:25','Cambio de límite P: 2000','common'),(667,52,'2014-05-07 15:52:27','Cambio de límite P: 4000','common'),(668,53,'2014-05-07 15:52:30','Cambio de límite P: 3000','common'),(669,54,'2014-05-07 15:52:33','Cambio de límite P: 3000','common'),(670,150,'2014-05-07 15:52:36','Cambio de límite P: 4000','common'),(671,151,'2014-05-07 15:52:38','Cambio de límite P: -4000','common'),(672,152,'2014-05-07 15:52:41','Cambio de límite P: -1000','common'),(673,153,'2014-05-07 15:52:43','Cambio de límite P: 4000','common'),(674,23,'2014-05-14 22:08:23','Cambio de límite N: 9000','common'),(675,24,'2014-05-14 22:08:32','Cambio de límite N: 18000','common'),(676,123,'2014-05-14 22:09:27','Cambio de límite P: 9000','common'),(677,123,'2014-05-14 22:09:32','Cambio de límite P: 20000','common'),(678,123,'2014-05-14 22:09:36','Cambio de límite P: 20000','common'),(679,123,'2014-05-14 22:09:38','Cambio de límite P: 9000','common'),(680,123,'2014-05-14 22:09:41','Cambio de límite P: -2000','common'),(681,124,'2014-05-14 22:09:44','Cambio de límite P: 8000','common'),(682,124,'2014-05-14 22:09:46','Cambio de límite P: -2000','common'),(683,125,'2014-05-14 22:09:54','Cambio de límite N: 7000','common'),(684,125,'2014-05-14 22:09:56','Cambio de límite P: 18000','common'),(685,123,'2014-05-14 22:09:56','Cambio de límite P: 120000','common'),(686,123,'2014-05-14 22:09:59','Cambio de límite P: 9000','common'),(687,134,'2014-05-14 22:10:02','Cambio de límite N: 6000','common'),(688,135,'2014-05-14 22:10:05','Cambio de límite N: 5000','common'),(689,133,'2014-05-14 22:10:07','Cambio de límite N: 0','common'),(690,133,'2014-05-14 22:10:08','Cambio de límite N: -11000','common'),(691,132,'2014-05-14 22:10:11','Cambio de límite N: -11000','common'),(692,131,'2014-05-14 22:10:13','Cambio de límite N: -11000','common'),(693,131,'2014-05-14 22:10:17','Cambio de límite P: -2000','common'),(694,132,'2014-05-14 22:10:23','Cambio de límite P: 0','common'),(695,133,'2014-05-14 22:10:26','Cambio de límite P: 2000','common'),(696,134,'2014-05-14 22:10:30','Cambio de límite N: 9000','common'),(697,135,'2014-05-14 22:10:32','Cambio de límite P: 9000','common'),(698,153,'2014-05-14 22:10:39','Cambio de límite N: -9000','common'),(699,152,'2014-05-14 22:10:41','Cambio de límite N: -7000','common'),(700,151,'2014-05-14 22:10:43','Cambio de límite N: -5000','common'),(701,150,'2014-05-14 22:10:46','Cambio de límite N: -3000','common'),(702,54,'2014-05-14 22:10:48','Cambio de límite P: -1000','common'),(703,54,'2014-05-14 22:10:50','Cambio de límite P: 0','common'),(704,53,'2014-05-14 22:10:52','Cambio de límite N: 2000','common'),(705,52,'2014-05-14 22:10:55','Cambio de límite N: 5000','common'),(706,51,'2014-05-14 22:10:58','Cambio de límite N: 7000','common'),(707,123,'2014-05-14 22:11:14','Cambio de límite P: 9000','common'),(708,25,'2014-05-14 22:14:01','Cambio de límite N: 8000','common'),(709,25,'2014-05-14 22:14:10','Cambio de límite P: -5000','common'),(710,25,'2014-05-14 22:16:29','Cambio de límite P: 51000','common'),(711,31,'2014-05-20 21:47:53','Cambio de límite N: 2000','common'),(712,10,'2014-05-21 17:55:22','reset','common'),(713,10,'2014-05-21 17:55:24','reset','common'),(714,10,'2014-05-21 17:55:25','reset','common'),(715,10,'2014-05-21 17:55:26','reset','common'),(716,10,'2014-05-21 17:55:26','reset','common'),(717,51,'2014-05-21 17:55:28','reset','common'),(718,51,'2014-05-21 17:55:29','reset','common'),(719,50,'2014-05-21 17:55:30','reset','common'),(720,50,'2014-05-21 17:55:30','reset','common'),(721,50,'2014-05-21 17:55:32','reset','common'),(722,50,'2014-05-21 17:55:32','reset','common'),(723,40,'2014-05-21 19:12:31','reset','common'),(724,10,'2014-05-21 19:15:08','reset','common'),(725,10,'2014-05-21 19:15:23','reset','common'),(726,10,'2014-05-21 19:15:23','reset','common'),(727,10,'2014-05-21 19:15:23','reset','common'),(728,10,'2014-05-21 19:15:24','reset','common'),(729,10,'2014-05-21 19:15:24','reset','common'),(730,10,'2014-05-21 19:15:24','reset','common'),(731,10,'2014-05-21 19:15:24','reset','common'),(732,10,'2014-05-21 19:15:24','reset','common'),(733,10,'2014-05-21 19:15:24','reset','common'),(734,10,'2014-05-21 19:24:28','reset','common'),(735,10,'2014-05-21 19:24:31','reset','common'),(736,10,'2014-05-21 19:25:19','reset','common'),(737,153,'2014-05-21 19:30:55','reset','common'),(738,14,'2014-05-21 21:34:11','Cambio de límite N: 31687','common'),(739,14,'2014-05-21 21:34:40','Cambio de límite N: 3772','common'),(740,14,'2014-05-21 21:34:43','Cambio de límite N: 3772','common'),(741,14,'2014-05-21 21:34:44','Cambio de límite N: 3772','common'),(742,14,'2014-05-21 21:34:48','Cambio de límite N: 31687','common'),(743,14,'2014-05-21 21:34:51','Cambio de límite N: 47545','common'),(744,14,'2014-05-21 21:34:54','Cambio de límite N: 57532','common'),(745,14,'2014-05-21 21:34:56','Cambio de límite N: 65505','common'),(746,14,'2014-05-21 21:38:55','Cambio de límite N: 65505','common'),(747,14,'2014-05-21 21:44:55','Cambio de límite N: -27915','common'),(748,14,'2014-05-21 21:46:18','Cambio de límite N: -291895','common'),(749,14,'2014-05-21 21:46:57','Cambio de límite N: -27915','common'),(750,14,'2014-05-21 21:47:08','Cambio de límite N: 15858','common'),(751,14,'2014-05-21 21:47:16','Cambio de límite N: 0','common'),(752,14,'2014-05-21 21:47:57','Cambio de límite N: -76923','common'),(753,14,'2014-05-21 21:49:42','Cambio de límite N: -27915','common'),(754,14,'2014-05-21 21:51:55','Cambio de límite N: -27915','common'),(755,14,'2014-05-21 21:55:11','Cambio de límite N: -27915','common'),(756,14,'2014-05-21 21:55:50','Cambio de límite N: 0','common'),(757,14,'2014-05-21 22:01:34','Cambio de límite N: 0','common'),(758,14,'2014-05-21 22:02:03','Cambio de límite N: 27915','common'),(759,14,'2014-05-21 22:02:23','Cambio de límite N: -49008','common'),(760,14,'2014-05-21 22:02:34','Cambio de límite N: -131539','common'),(761,14,'2014-05-21 22:04:59','Cambio de límite N: 0','common'),(762,20,'2014-05-22 13:35:15','reset','common'),(763,20,'2014-05-22 13:35:17','reset','common'),(764,14,'2014-05-23 18:09:01','Cambio de límite N: 27915','common'),(765,14,'2014-05-23 18:09:10','Cambio de límite N: 30500','common'),(766,14,'2014-05-23 18:09:21','Cambio de límite N: 29920','common'),(767,14,'2014-05-23 18:09:29','Cambio de límite N: 25791','common'),(768,15,'2014-06-01 16:03:29','Cambio de límite P: 100000','common'),(769,15,'2014-06-01 16:03:43','Cambio de límite N: 1000','common'),(770,15,'2014-06-01 16:03:53','Cambio de límite P: 99000','common'),(771,16,'2014-06-01 16:57:33','Cambio de límite N: 0','common'),(772,16,'2014-06-01 16:59:53','Cambio de límite N: 0','common'),(773,16,'2014-06-01 17:00:50','Cambio de límite N: 0','common'),(774,15,'2014-06-01 17:26:45','Cambio de límite N: 5700','common'),(775,16,'2014-06-01 17:26:57','Cambio de límite N: 5700','common'),(776,15,'2014-06-01 17:32:18','Cambio de límite N: 5700','common'),(777,15,'2014-06-01 17:36:27','Cambio de límite N: 0','common'),(778,15,'2014-06-01 17:37:11','Cambio de límite N: -200','common'),(779,15,'2014-06-01 17:38:12','Cambio de límite N: 0','common'),(780,15,'2014-06-01 17:38:42','Cambio de límite N: -200','common'),(781,15,'2014-06-01 17:45:42','Cambio de límite N: 0','common'),(782,16,'2014-06-01 18:01:44','Cambio de límite N: 0','common'),(783,15,'2014-06-01 18:01:51','Cambio de límite N: 0','common'),(784,15,'2014-06-01 18:02:04','Cambio de límite N: 0','common'),(785,16,'2014-06-01 18:02:30','Cambio de límite N: 100','common'),(786,15,'2014-06-01 18:02:33','Cambio de límite N: 0','common'),(787,16,'2014-06-01 18:02:40','Cambio de límite N: 0','common'),(788,15,'2014-06-01 18:05:56','Cambio de límite N: 0','common'),(789,15,'2014-06-01 18:06:47','Cambio de límite N: 0','common'),(790,15,'2014-06-01 18:08:50','Cambio de límite N: 0','common'),(791,16,'2014-06-01 18:09:28','Cambio de límite N: -300','common'),(792,16,'2014-06-01 18:09:51','Cambio de límite N: 1000','common'),(793,16,'2014-06-01 18:10:11','Cambio de límite N: 2000','common'),(794,16,'2014-06-01 18:10:17','Cambio de límite N: 3000','common'),(795,16,'2014-06-01 18:10:27','Cambio de límite N: -2000','common'),(796,16,'2014-06-01 18:10:46','Cambio de límite N: -6000','common'),(797,15,'2014-06-01 18:10:55','Cambio de límite N: -5700','common'),(798,15,'2014-06-01 18:11:11','Cambio de límite N: -700','common'),(799,15,'2014-06-01 18:13:42','Cambio de límite N: 300','common'),(800,15,'2014-06-01 18:14:01','Cambio de límite N: 1300','common'),(801,15,'2014-06-01 18:17:05','Cambio de límite N: 2300','common'),(802,15,'2014-06-01 18:19:21','Cambio de límite N: 3300','common'),(803,15,'2014-06-01 18:19:51','Cambio de límite N: 2300','common'),(804,15,'2014-06-01 18:27:31','Cambio de límite N: 3300','common'),(805,16,'2014-06-01 18:27:39','Cambio de límite N: 3000','common'),(806,16,'2014-06-01 18:28:08','Cambio de límite N: 2300','common'),(807,15,'2014-06-01 18:28:28','Cambio de límite N: 7300','common'),(808,15,'2014-06-01 18:28:41','Cambio de límite N: 0','common'),(809,16,'2014-06-01 18:28:48','Cambio de límite N: 0','common'),(810,12,'2014-06-01 18:29:11','Cambio de límite N: 0','common'),(811,13,'2014-06-01 18:29:18','Cambio de límite N: 0','common'),(812,12,'2014-06-01 18:48:35','Cambio de límite N: 0','common'),(813,13,'2014-06-01 18:48:37','Cambio de límite N: 3000','common'),(814,15,'2014-06-01 18:48:39','Cambio de límite N: 0','common'),(815,16,'2014-06-01 18:48:41','Cambio de límite N: 0','common'),(816,14,'2014-06-01 20:29:39','Cambio de límite N: -21177','common'),(817,14,'2014-06-01 20:29:53','Cambio de límite N: -49008','common'),(818,14,'2014-06-01 20:30:03','Cambio de límite P: 27915','common'),(819,14,'2014-06-01 20:30:13','Cambio de límite N: -85159','common'),(820,14,'2014-06-01 20:30:43','Cambio de límite N: -263980','common'),(821,14,'2014-06-01 20:31:31','Cambio de límite N: 0','common'),(822,14,'2014-06-01 20:31:55','Cambio de límite P: 170718','common'),(823,14,'2014-06-01 20:32:47','Cambio de límite P: 1153420','common'),(824,14,'2014-06-01 20:34:26','Cambio de límite P: 1621262','common'),(825,14,'2014-06-01 20:34:34','Cambio de límite P: 5409657','common'),(826,14,'2014-06-01 20:34:41','Cambio de límite P: 5409657','common'),(827,14,'2014-06-01 21:00:29','reset','common'),(828,14,'2014-06-01 21:31:48','Cambio de límite P: 170718','common'),(829,14,'2014-06-05 13:56:43','reset','common'),(830,14,'2014-06-05 14:00:43','reset','common'),(831,152,'2014-06-05 16:44:13','reset','common'),(832,124,'2014-07-03 13:40:22','Cambio de límite P: 1000000','common'),(833,125,'2014-08-18 15:15:00','reset','common'),(834,125,'2014-08-18 15:15:02','reset','common'),(835,125,'2014-08-18 15:18:35','reset','common'),(836,125,'2014-08-18 15:20:28','reset','common'),(837,125,'2014-08-18 15:23:37','reset','common'),(838,125,'2014-08-18 15:25:32','reset','common'),(839,125,'2014-08-18 15:26:30','reset','common'),(840,125,'2014-08-18 15:28:46','Cambio de límite N: 7100000','common'),(841,125,'2014-08-18 15:43:12','reset','common'),(842,125,'2014-08-18 15:44:24','reset','common'),(843,125,'2014-08-18 15:56:25','reset','common'),(844,16,'2014-08-18 15:56:28','reset','common'),(845,21,'2014-09-16 17:20:41','Cambio de límite N: -27915','common'),(846,21,'2014-09-16 18:55:50','Cambio de límite N: -999000','common'),(847,22,'2014-09-16 19:01:26','Cambio de límite N: -999000','common'),(848,21,'2014-09-16 19:10:13','Cambio de límite N: 0','common'),(849,22,'2014-09-16 19:10:25','Cambio de límite N: 0','common'),(850,22,'2014-09-16 19:29:33','Cambio de límite P: 1850000','common'),(851,22,'2014-09-16 19:31:05','Cambio de límite P: 1400090','common'),(852,23,'2014-09-16 22:28:33','Cambio de límite P: 459980','common'),(853,16,'2014-09-28 12:23:13','reset','common'),(854,21,'2014-09-28 12:34:54','reset','common'),(855,152,'2014-09-28 12:34:58','reset','common'),(856,150,'2014-09-28 12:34:58','reset','common'),(857,12,'2014-09-28 14:25:27','Cambio de límite N: 0','common'),(858,133,'2014-09-28 15:42:09','reset','common'),(859,14,'2014-09-28 15:42:09','reset','common'),(860,14,'2014-09-28 15:42:09','reset','common'),(861,14,'2014-09-28 15:42:09','reset','common'),(862,133,'2014-09-28 15:42:09','reset','common'),(863,14,'2014-09-28 15:42:11','reset','common'),(864,14,'2014-09-28 15:42:11','reset','common'),(865,14,'2014-09-28 15:42:11','reset','common'),(866,133,'2014-09-28 15:42:11','reset','common'),(867,14,'2014-09-28 15:42:12','reset','common'),(868,133,'2014-09-28 15:42:14','reset','common'),(869,14,'2014-09-28 15:42:15','reset','common'),(870,133,'2014-09-28 15:42:15','reset','common'),(871,14,'2014-09-28 15:42:15','reset','common'),(872,133,'2014-09-28 15:42:15','reset','common'),(873,14,'2014-09-28 15:42:16','reset','common'),(874,133,'2014-09-28 15:42:16','reset','common'),(875,14,'2014-09-28 15:42:16','reset','common'),(876,14,'2014-09-28 15:42:18','reset','common'),(877,133,'2014-09-28 15:42:18','reset','common'),(878,14,'2014-09-28 15:42:18','reset','common'),(879,133,'2014-09-28 15:42:18','reset','common'),(880,14,'2014-09-28 15:42:18','reset','common'),(881,133,'2014-09-28 15:42:18','reset','common'),(882,14,'2014-09-28 15:42:18','reset','common'),(883,16,'2014-09-28 15:42:19','reset','common'),(884,16,'2014-09-28 15:42:21','reset','common'),(885,16,'2014-09-28 15:42:21','reset','common'),(886,16,'2014-09-28 15:42:21','reset','common'),(887,14,'2014-09-28 15:42:21','reset','common'),(888,152,'2014-09-28 15:42:21','reset','common'),(889,16,'2014-09-28 15:42:21','reset','common'),(890,152,'2014-09-28 15:42:21','reset','common'),(891,16,'2014-09-28 15:42:21','reset','common'),(892,13,'2014-09-28 15:46:30','reset','common'),(893,16,'2014-09-28 16:01:52','reset','common'),(894,14,'2014-09-28 18:33:52','Cambio de límite N: -99999000','common'),(895,14,'2014-09-28 18:33:58','Cambio de límite P: 99999000','common'),(896,14,'2014-09-28 18:36:53','Cambio de límite N: 0','common'),(897,14,'2014-09-28 19:09:49','Cambio de límite N: -99999000','common'),(898,14,'2014-09-28 19:09:51','Cambio de límite P: 0','common'),(899,14,'2014-09-28 19:14:11','Cambio de límite P: 10000','common'),(900,14,'2014-09-28 19:14:43','Cambio de límite P: 30000','common'),(901,14,'2014-09-28 19:34:35','Cambio de límite N: -2493000','common'),(902,21,'2014-09-28 20:41:18','Cambio de límite N: -249629','common'),(903,21,'2014-09-28 20:41:30','Cambio de límite N: -91396','common'),(904,21,'2014-09-28 20:41:46','Cambio de límite N: 1516','common'),(905,21,'2014-09-28 20:41:56','Cambio de límite N: 142','common'),(906,21,'2014-09-28 20:42:02','Cambio de límite N: -1235','common'),(907,21,'2014-09-28 20:42:08','Cambio de límite N: -2613','common'),(908,132,'2014-09-28 20:42:37','Cambio de límite N: -3992','common'),(909,132,'2014-09-28 20:42:53','Cambio de límite N: -5374','common'),(910,132,'2014-09-28 20:43:01','Cambio de límite N: -19279','common'),(911,121,'2014-09-28 20:43:30','Cambio de límite P: -19279','common'),(912,22,'2014-09-28 20:45:06','Cambio de límite N: -5374','common'),(913,22,'2014-09-28 20:45:12','Cambio de límite N: -6757','common'),(914,21,'2014-09-28 20:56:25','Cambio de límite N: -91396','common'),(915,21,'2014-09-28 20:56:33','Cambio de límite N: -2613','common'),(916,21,'2014-09-28 20:56:42','Cambio de límite N: -1235','common'),(917,21,'2014-09-28 20:56:47','Cambio de límite N: -1235','common'),(918,21,'2014-09-28 20:56:53','Cambio de límite N: 142','common'),(919,22,'2014-09-28 20:56:58','Cambio de límite N: 142','common'),(920,31,'2014-09-28 20:57:18','Cambio de límite N: 142','common'),(921,32,'2014-09-28 20:57:22','Cambio de límite N: 142','common'),(922,121,'2014-09-28 20:57:48','Cambio de límite P: 142','common'),(923,122,'2014-09-28 20:57:53','Cambio de límite N: 142','common'),(924,131,'2014-09-28 20:57:59','Cambio de límite N: 142','common'),(925,132,'2014-09-28 20:58:04','Cambio de límite N: 142','common'),(926,21,'2014-09-28 20:58:28','Cambio de límite P: 1391325','common'),(927,21,'2014-09-28 20:58:36','Cambio de límite P: 1436544','common'),(928,21,'2014-09-28 21:01:57','Cambio de límite P: 1451992','common'),(929,21,'2014-09-28 21:02:03','Cambio de límite P: 1515726','common'),(930,22,'2014-09-28 21:02:15','Cambio de límite P: 1515726','common'),(931,31,'2014-09-28 21:02:22','Cambio de límite P: 1515726','common'),(932,32,'2014-09-28 21:02:30','Cambio de límite P: 1515726','common'),(933,121,'2014-09-28 21:02:47','Cambio de límite P: 1515726','common'),(934,122,'2014-09-28 21:02:51','Cambio de límite P: 1515726','common'),(935,131,'2014-09-28 21:02:58','Cambio de límite P: 1515726','common'),(936,132,'2014-09-28 21:03:03','Cambio de límite P: 1515726','common'),(937,135,'2014-09-28 21:33:41','reset','common'),(938,134,'2014-09-28 21:33:42','reset','common'),(939,135,'2014-09-28 21:33:43','reset','common'),(940,134,'2014-09-28 21:33:44','reset','common'),(941,134,'2014-09-28 21:33:46','reset','common'),(942,135,'2014-09-28 21:33:46','reset','common'),(943,134,'2014-09-28 21:33:47','reset','common'),(944,134,'2014-09-28 21:33:47','reset','common'),(945,125,'2014-09-28 21:33:48','reset','common'),(946,135,'2014-09-28 21:33:49','reset','common'),(947,134,'2014-09-28 21:33:50','reset','common'),(948,33,'2014-09-28 21:34:34','Cambio de límite N: 750000','common'),(949,33,'2014-09-28 21:34:43','Cambio de límite P: -750000','common'),(950,33,'2014-09-28 21:35:01','Cambio de límite N: -750000','common'),(951,33,'2014-09-28 21:35:06','Cambio de límite P: 750000','common'),(952,33,'2014-09-28 21:35:13','Cambio de límite P: 750000','common'),(953,123,'2014-09-28 21:35:20','Cambio de límite P: -750000','common'),(954,123,'2014-09-28 21:35:26','Cambio de límite P: 750000','common'),(955,133,'2014-09-28 21:35:37','Cambio de límite N: -750000','common'),(956,133,'2014-09-28 21:35:42','Cambio de límite P: 750000','common'),(957,135,'2014-09-28 21:57:57','Cambio de límite N: -131000','common'),(958,135,'2014-09-28 21:58:57','Cambio de límite N: -261000','common'),(959,24,'2014-09-28 22:04:08','Cambio de límite N: 0','common'),(960,25,'2014-09-28 22:04:16','Cambio de límite N: 0','common'),(961,34,'2014-09-28 22:05:17','Cambio de límite N: 0','common'),(962,35,'2014-09-28 22:05:22','Cambio de límite N: 0','common'),(963,124,'2014-09-28 22:05:28','Cambio de límite P: 0','common'),(964,125,'2014-09-28 22:05:33','Cambio de límite N: 0','common'),(965,134,'2014-09-28 22:05:39','Cambio de límite N: 0','common'),(966,135,'2014-09-28 22:05:43','Cambio de límite N: 0','common'),(967,34,'2014-09-28 22:06:14','reset','common'),(968,24,'2014-09-28 22:18:22','reset','common'),(969,125,'2014-09-28 22:37:59','reset','common'),(970,25,'2014-09-28 22:53:52','Cambio de límite N: -10000','common'),(971,35,'2014-09-28 22:56:53','Cambio de límite N: -10000','common'),(972,24,'2014-09-28 23:00:27','Cambio de límite N: 0','common'),(973,25,'2014-09-28 23:00:28','Cambio de límite N: 0','common'),(974,34,'2014-09-28 23:00:32','Cambio de límite N: 0','common'),(975,35,'2014-09-28 23:00:34','Cambio de límite N: 0','common'),(976,124,'2014-09-28 23:00:37','Cambio de límite P: 0','common'),(977,125,'2014-09-28 23:00:39','Cambio de límite N: 0','common'),(978,134,'2014-09-28 23:00:42','Cambio de límite N: 0','common'),(979,135,'2014-09-28 23:00:43','Cambio de límite N: 0','common'),(980,134,'2014-09-28 23:25:35','Cambio de límite N: 13000000','common'),(981,135,'2014-09-28 23:25:42','Cambio de límite P: 13000000','common'),(982,25,'2014-09-28 23:26:02','Cambio de límite P: 12794000','common'),(983,34,'2014-09-28 23:26:11','Cambio de límite P: 12794000','common'),(984,35,'2014-09-28 23:26:17','Cambio de límite P: 12794000','common'),(985,134,'2014-09-28 23:26:38','Cambio de límite N: 12794000','common'),(986,135,'2014-09-28 23:26:42','Cambio de límite P: 12794000','common'),(987,34,'2014-09-28 23:31:25','reset','common'),(988,134,'2014-09-28 23:31:47','reset','common'),(989,125,'2014-09-28 23:31:49','reset','common'),(990,21,'2014-09-29 09:26:04','Cambio de límite N: 48606','common'),(991,21,'2014-09-29 09:26:08','Cambio de límite N: 172974','common'),(992,14,'2014-09-29 10:40:57','Cambio de límite P: -2454431','common'),(993,14,'2014-09-29 10:44:33','Cambio de límite P: -2454431','common'),(994,14,'2014-09-29 10:44:42','Cambio de límite N: -261541','common'),(995,14,'2014-09-29 10:44:48','Cambio de límite N: -468661','common'),(996,14,'2014-09-29 10:44:51','Cambio de límite N: -652495','common'),(997,14,'2014-09-29 10:44:57','Cambio de límite N: -817645','common'),(998,14,'2014-09-29 10:45:01','Cambio de límite N: -968717','common'),(999,51,'2014-09-29 10:45:30','Cambio de límite N: 1000','common'),(1000,51,'2014-09-29 10:45:33','Cambio de límite N: 2000','common'),(1001,14,'2014-09-29 10:48:39','Cambio de límite N: -261541','common'),(1002,14,'2014-09-29 10:48:43','Cambio de límite P: -1110313','common'),(1003,10,'2014-09-29 15:32:49','Cambio de límite P: 9000','common'),(1004,10,'2014-09-29 16:30:32','Cambio de límite P: 30000','common'),(1005,42,'2014-09-29 19:49:49','reset','common'),(1006,42,'2014-09-29 20:15:07','Cambio de límite N: -1900000','common'),(1007,42,'2014-09-29 20:18:18','Cambio de límite P: 400000','common'),(1008,12,'2014-09-29 20:26:42','reset','common'),(1009,152,'2014-09-29 21:00:12','Cambio de límite N: -100000','common'),(1010,152,'2014-09-29 21:00:49','Cambio de límite N: -400000','common'),(1011,152,'2014-09-29 21:01:04','reset','common'),(1012,152,'2014-09-29 21:02:46','Cambio de límite N: -16000','common'),(1013,151,'2014-09-29 21:02:59','Cambio de límite N: -200000','common'),(1014,151,'2014-09-29 21:03:23','reset','common'),(1015,152,'2014-09-29 21:04:59','Cambio de límite N: 0','common'),(1016,151,'2014-09-29 21:05:39','Cambio de límite N: 0','common'),(1017,41,'2014-09-29 21:52:51','Cambio de límite N: 0','common'),(1018,41,'2014-09-29 21:53:04','Cambio de límite P: 3000000','common'),(1019,41,'2014-09-29 21:57:11','Cambio de límite P: 2450000','common'),(1020,53,'2014-09-29 22:52:15','Cambio de límite P: 2510000','common'),(1021,51,'2014-09-29 22:53:44','Cambio de límite P: 3000000','common'),(1022,53,'2014-09-29 22:54:00','Cambio de límite P: 2610000','common'),(1023,53,'2014-09-29 22:55:06','Cambio de límite P: 2550000','common'),(1024,10,'2014-10-01 09:20:41','Cambio de límite P: 1000','common'),(1025,150,'2014-10-01 11:05:37','reset','common'),(1026,10,'2014-10-01 20:56:41','Cambio de límite P: -2000','common'),(1027,10,'2014-10-01 20:58:05','Cambio de límite P: 0','common'),(1028,11,'2014-10-01 21:27:44','Cambio de límite N: -500','common'),(1029,11,'2014-10-01 21:27:57','Cambio de límite N: -1000','common'),(1030,10,'2014-10-01 22:00:37','Cambio de límite P: 11000','common'),(1031,11,'2014-10-01 22:00:48','Cambio de límite P: 11000','common'),(1032,34,'2014-10-01 22:03:08','Cambio de límite P: 12794000','common'),(1033,11,'2014-10-01 22:50:40','Cambio de límite N: 0','common'),(1034,20,'2014-10-02 05:50:27','reset','common'),(1035,20,'2014-10-02 05:50:28','reset','common'),(1036,150,'2014-10-02 05:50:28','reset','common'),(1037,135,'2014-10-02 05:50:29','reset','common'),(1038,134,'2014-10-02 05:50:31','reset','common'),(1039,125,'2014-10-02 05:50:32','reset','common'),(1040,134,'2014-10-02 05:50:32','reset','common'),(1041,125,'2014-10-02 05:50:32','reset','common'),(1042,135,'2014-10-02 05:50:32','reset','common'),(1043,134,'2014-10-02 05:50:33','reset','common'),(1044,125,'2014-10-02 05:50:34','reset','common'),(1045,135,'2014-10-02 05:50:34','reset','common'),(1046,134,'2014-10-02 05:50:34','reset','common'),(1047,125,'2014-10-02 05:50:35','reset','common'),(1048,135,'2014-10-02 05:50:35','reset','common'),(1049,20,'2014-10-03 07:06:45','reset','common'),(1050,20,'2014-10-13 05:59:47','reset','common'),(1051,20,'2014-10-13 05:59:48','reset','common'),(1052,40,'2014-10-13 06:58:21','reset','common'),(1053,124,'2014-10-23 12:11:46','reset','common'),(1054,124,'2014-10-23 12:11:59','reset','common'),(1055,124,'2014-10-23 12:14:29','reset','common'),(1056,120,'2014-10-25 18:59:38','reset','common'),(1057,120,'2014-10-25 19:00:19','reset','common'),(1058,40,'2014-10-26 12:37:28','reset','common'),(1059,120,'2014-10-26 12:37:29','reset','common'),(1060,40,'2014-10-26 12:41:43','reset','common'),(1061,40,'2014-10-26 12:42:21','reset','common'),(1062,132,'2014-10-26 21:20:31','reset','common'),(1063,132,'2014-10-26 21:20:32','reset','common'),(1064,132,'2014-10-26 21:21:16','reset','common'),(1065,132,'2014-10-26 21:21:17','reset','common'),(1066,132,'2014-10-27 00:52:48','reset','common'),(1067,132,'2014-10-27 00:52:49','reset','common'),(1068,40,'2014-10-27 01:30:54','reset','common'),(1069,40,'2014-10-27 01:30:54','reset','common'),(1070,132,'2014-10-27 18:49:40','reset','common'),(1071,132,'2014-10-27 18:50:29','reset','common'),(1072,132,'2014-10-28 08:26:57','reset','common'),(1073,132,'2014-10-28 08:32:17','reset','common'),(1074,132,'2014-10-28 08:32:17','reset','common');
/*!40000 ALTER TABLE `bitacora` ENABLE KEYS */;
UNLOCK TABLES;

--
-- Table structure for table `caja`
--

DROP TABLE IF EXISTS `caja`;
/*!40101 SET @saved_cs_client     = @@character_set_client */;
/*!40101 SET character_set_client = utf8 */;
CREATE TABLE `caja` (
  `idcaja` int(11) NOT NULL AUTO_INCREMENT,
  `clave` varchar(45) NOT NULL,
  `medidas_idmedidas` int(11) NOT NULL,
  `flauta_idFlauta` varchar(15) NOT NULL,
  `resistencia_idresistencia` int(11) NOT NULL,
  `tipoCaja` varchar(25) DEFAULT NULL,
  `totalx` int(11) DEFAULT NULL,
  `totaly` int(11) DEFAULT NULL,
  `corrugado` varchar(25) DEFAULT NULL,
  `color1` int(11) DEFAULT NULL,
  `color2` int(11) DEFAULT NULL,
  `color3` int(11) DEFAULT NULL,
  `color4` int(11) DEFAULT NULL,
  `estilo` varchar(10) DEFAULT NULL,
  `valoresactuales_idvaloresActuales` int(11) DEFAULT NULL,
  `imgpath` varchar(500) DEFAULT NULL,
  PRIMARY KEY (`idcaja`),
  KEY `fk_caja_tipoCaja1` (`tipoCaja`),
  KEY `fk_caja_medidas1` (`medidas_idmedidas`),
  KEY `fk_caja_resistencia1` (`resistencia_idresistencia`),
  KEY `fk_caja_corrugado1` (`corrugado`),
  KEY `P2` (`clave`),
  KEY `fk_caja_resistencia` (`resistencia_idresistencia`),
  KEY `fk_caja_flauta` (`flauta_idFlauta`),
  KEY `fk_caja_color1` (`color1`),
  KEY `fk_caja_color2` (`color2`),
  KEY `fk_caja_color3` (`color3`),
  KEY `fk_caja_color4` (`color4`),
  KEY `fk_caja_valoresactuales` (`valoresactuales_idvaloresActuales`),
  CONSTRAINT `fk_caja_color1` FOREIGN KEY (`color1`) REFERENCES `color` (`idcolor`) ON DELETE CASCADE ON UPDATE CASCADE,
  CONSTRAINT `fk_caja_color2` FOREIGN KEY (`color2`) REFERENCES `color` (`idcolor`) ON DELETE CASCADE ON UPDATE CASCADE,
  CONSTRAINT `fk_caja_color3` FOREIGN KEY (`color3`) REFERENCES `color` (`idcolor`) ON DELETE CASCADE ON UPDATE CASCADE,
  CONSTRAINT `fk_caja_color4` FOREIGN KEY (`color4`) REFERENCES `color` (`idcolor`) ON DELETE CASCADE ON UPDATE CASCADE,
  CONSTRAINT `fk_caja_flauta` FOREIGN KEY (`flauta_idFlauta`) REFERENCES `flauta` (`idflauta`) ON DELETE CASCADE ON UPDATE CASCADE,
  CONSTRAINT `fk_caja_medidas1` FOREIGN KEY (`medidas_idmedidas`) REFERENCES `medidas` (`idmedidas`) ON DELETE CASCADE ON UPDATE CASCADE,
  CONSTRAINT `fk_caja_resistencia` FOREIGN KEY (`resistencia_idresistencia`) REFERENCES `resistencia` (`idResistencia`) ON DELETE CASCADE ON UPDATE CASCADE,
  CONSTRAINT `fk_caja_valoresp` FOREIGN KEY (`valoresactuales_idvaloresActuales`) REFERENCES `valoresp` (`idValoresP`) ON DELETE CASCADE ON UPDATE CASCADE
) ENGINE=InnoDB AUTO_INCREMENT=3 DEFAULT CHARSET=latin1;
/*!40101 SET character_set_client = @saved_cs_client */;

--
-- Dumping data for table `caja`
--

LOCK TABLES `caja` WRITE;
/*!40000 ALTER TABLE `caja` DISABLE KEYS */;
/*!40000 ALTER TABLE `caja` ENABLE KEYS */;
UNLOCK TABLES;

--
-- Table structure for table `cliente`
--

DROP TABLE IF EXISTS `cliente`;
/*!40101 SET @saved_cs_client     = @@character_set_client */;
/*!40101 SET character_set_client = utf8 */;
CREATE TABLE `cliente` (
  `idcliente` int(11) NOT NULL AUTO_INCREMENT,
  `Nombre` varchar(100) DEFAULT NULL,
  PRIMARY KEY (`idcliente`)
) ENGINE=InnoDB AUTO_INCREMENT=14 DEFAULT CHARSET=latin1;
/*!40101 SET character_set_client = @saved_cs_client */;

--
-- Dumping data for table `cliente`
--

LOCK TABLES `cliente` WRITE;
/*!40000 ALTER TABLE `cliente` DISABLE KEYS */;
INSERT INTO `cliente` VALUES (13,'');
/*!40000 ALTER TABLE `cliente` ENABLE KEYS */;
UNLOCK TABLES;

--
-- Table structure for table `color`
--

DROP TABLE IF EXISTS `color`;
/*!40101 SET @saved_cs_client     = @@character_set_client */;
/*!40101 SET character_set_client = utf8 */;
CREATE TABLE `color` (
  `idcolor` int(11) NOT NULL AUTO_INCREMENT,
  `Tinta` varchar(30) DEFAULT NULL,
  `Catalogo` varchar(10) DEFAULT NULL,
  `GCMI` varchar(10) DEFAULT NULL,
  `argb` varchar(45) DEFAULT NULL,
  PRIMARY KEY (`idcolor`)
) ENGINE=InnoDB AUTO_INCREMENT=15 DEFAULT CHARSET=latin1;
/*!40101 SET character_set_client = @saved_cs_client */;

--
-- Dumping data for table `color`
--

LOCK TABLES `color` WRITE;
/*!40000 ALTER TABLE `color` DISABLE KEYS */;
INSERT INTO `color` VALUES (1,'null','null','null','0'),(9,'Morado','na','12','-8388353'),(10,'Verde','NA','NA','-16409078'),(11,'LILA','NA','JP','-10992772'),(12,'rojo','NA','20','-3406078'),(13,'ROJO','INT','74','-3600845'),(14,'ROJO','20','11','-912890');
/*!40000 ALTER TABLE `color` ENABLE KEYS */;
UNLOCK TABLES;

--
-- Table structure for table `controls`
--

DROP TABLE IF EXISTS `controls`;
/*!40101 SET @saved_cs_client     = @@character_set_client */;
/*!40101 SET character_set_client = utf8 */;
CREATE TABLE `controls` (
  `id` int(11) NOT NULL AUTO_INCREMENT,
  `name` varchar(150) DEFAULT NULL,
  PRIMARY KEY (`id`)
) ENGINE=InnoDB AUTO_INCREMENT=643 DEFAULT CHARSET=latin1;
/*!40101 SET character_set_client = @saved_cs_client */;

--
-- Dumping data for table `controls`
--

LOCK TABLES `controls` WRITE;
/*!40000 ALTER TABLE `controls` DISABLE KEYS */;
INSERT INTO `controls` VALUES (1,'textBox1'),(2,'textBox2'),(3,'textBox3'),(4,'textBox4'),(5,'textBox5'),(6,'textBox6'),(7,'textBox7'),(8,'textBox8'),(9,'textBox9'),(10,'textBox10'),(11,'textBox11'),(12,'textBox12'),(13,'textBox13'),(14,'textBox14'),(15,'textBox15'),(16,'textBox16'),(17,'textBox17'),(18,'textBox18'),(19,'textBox19'),(20,'textBox20'),(21,'textBox21'),(22,'textBox22'),(23,'textBox23'),(24,'textBox24'),(25,'textBox25'),(26,'textBox26'),(27,'textBox27'),(28,'textBox28'),(29,'textBox29'),(30,'textBox30'),(31,'textBox31'),(32,'textBox32'),(33,'textBox33'),(34,'textBox34'),(35,'textBox35'),(36,'textBox36'),(37,'textBox37'),(38,'textBox38'),(39,'textBox39'),(40,'textBox40'),(41,'textBox41'),(42,'textBox42'),(43,'textBox43'),(44,'textBox44'),(45,'textBox45'),(46,'textBox46'),(47,'textBox47'),(48,'textBox48'),(49,'textBox49'),(50,'textBox50'),(51,'textBox51'),(52,'textBox52'),(53,'textBox53'),(54,'textBox54'),(55,'textBox55'),(56,'textBox56'),(57,'textBox57'),(58,'textBox58'),(59,'textBox59'),(60,'textBox60'),(61,'textBox61'),(62,'textBox62'),(63,'textBox63'),(64,'textBox64'),(65,'textBox65'),(66,'textBox66'),(67,'textBox67'),(68,'textBox68'),(69,'textBox69'),(70,'textBox70'),(71,'textBox71'),(72,'textBox72'),(73,'textBox73'),(74,'textBox74'),(75,'textBox75'),(76,'textBox76'),(77,'textBox77'),(78,'textBox78'),(79,'textBox79'),(80,'textBox80'),(81,'textBox81'),(82,'textBox82'),(83,'textBox83'),(84,'textBox84'),(85,'textBox85'),(86,'textBox86'),(87,'textBox87'),(88,'textBox88'),(89,'textBox89'),(90,'textBox90'),(91,'textBox91'),(92,'textBox92'),(93,'textBox93'),(94,'textBox94'),(95,'textBox95'),(96,'textBox96'),(97,'textBox97'),(98,'textBox98'),(99,'textBox99'),(100,'textBox100'),(101,'textBox101'),(102,'textBox102'),(103,'textBox103'),(104,'textBox104'),(105,'textBox105'),(106,'textBox106'),(107,'textBox107'),(108,'textBox108'),(109,'textBox109'),(110,'textBox110'),(111,'textBox111'),(112,'textBox112'),(113,'textBox113'),(114,'textBox114'),(115,'textBox115'),(116,'textBox116'),(117,'textBox117'),(118,'textBox118'),(119,'textBox119'),(120,'textBox120'),(121,'textBox121'),(122,'textBox122'),(123,'textBox123'),(124,'textBox124'),(125,'textBox125'),(126,'textBox126'),(127,'textBox127'),(128,'textBox128'),(129,'textBox129'),(130,'textBox130'),(131,'textBox131'),(132,'textBox132'),(133,'textBox133'),(134,'textBox134'),(135,'textBox135'),(136,'textBox136'),(137,'textBox137'),(138,'textBox138'),(139,'textBox139'),(140,'textBox140'),(141,'textBox141'),(142,'textBox142'),(143,'textBox143'),(144,'textBox144'),(145,'textBox145'),(146,'textBox146'),(147,'textBox147'),(148,'textBox148'),(149,'textBox149'),(150,'textBox150'),(151,'textBox151'),(152,'textBox152'),(153,'textBox153'),(154,'textBox154'),(155,'textBox155'),(156,'textBox156'),(157,'textBox157'),(158,'textBox158'),(159,'textBox159'),(160,'textBox160'),(161,'textBox161'),(162,'textBox162'),(163,'textBox163'),(164,'textBox164'),(165,'textBox165'),(166,'textBox166'),(167,'textBox167'),(168,'textBox168'),(169,'textBox169'),(170,'textBox170'),(171,'textBox171'),(172,'textBox172'),(173,'textBox173'),(174,'textBox174'),(175,'textBox175'),(176,'textBox176'),(177,'textBox177'),(178,'textBox178'),(179,'textBox179'),(180,'textBox180'),(181,'textBox181'),(182,'textBox182'),(183,'textBox183'),(184,'textBox184'),(185,'textBox185'),(186,'textBox186'),(187,'textBox187'),(188,'textBox188'),(189,'textBox189'),(190,'textBox190'),(191,'textBox191'),(192,'textBox192'),(193,'textBox193'),(194,'textBox194'),(195,'textBox195'),(196,'textBox196'),(197,'textBox197'),(198,'textBox198'),(199,'textBox199'),(200,'textBox200'),(201,'textBox201'),(202,'textBox202'),(203,'textBox203'),(204,'textBox204'),(205,'textBox205'),(206,'textBox206'),(207,'textBox207'),(208,'textBox208'),(209,'textBox209'),(210,'textBox210'),(211,'textBox211'),(212,'textBox212'),(213,'textBox213'),(214,'textBox214'),(215,'textBox215'),(216,'textBox216'),(217,'textBox217'),(218,'textBox218'),(219,'textBox219'),(220,'textBox220'),(221,'textBox221'),(222,'textBox222'),(223,'textBox223'),(224,'textBox224'),(225,'textBox225'),(226,'textBox226'),(227,'textBox227'),(228,'textBox228'),(229,'textBox229'),(230,'textBox230'),(231,'textBox231'),(232,'textBox232'),(233,'textBox233'),(234,'textBox234'),(235,'textBox235'),(236,'textBox236'),(237,'textBox237'),(238,'textBox238'),(239,'textBox239'),(240,'textBox240'),(241,'textBox241'),(242,'textBox242'),(243,'textBox243'),(244,'textBox244'),(245,'textBox245'),(246,'textBox246'),(247,'textBox247'),(248,'textBox248'),(249,'textBox249'),(250,'numericUpDown1'),(251,'numericUpDown2'),(252,'numericUpDown3'),(253,'numericUpDown4'),(254,'numericUpDown5'),(255,'numericUpDown6'),(256,'numericUpDown7'),(257,'numericUpDown8'),(258,'numericUpDown9'),(259,'numericUpDown10'),(260,'numericUpDown11'),(261,'numericUpDown12'),(262,'numericUpDown13'),(263,'numericUpDown14'),(264,'numericUpDown15'),(265,'numericUpDown16'),(266,'numericUpDown17'),(267,'numericUpDown18'),(268,'numericUpDown19'),(269,'numericUpDown20'),(270,'numericUpDown21'),(271,'numericUpDown22'),(272,'numericUpDown23'),(273,'numericUpDown24'),(274,'numericUpDown25'),(275,'numericUpDown26'),(276,'numericUpDown27'),(277,'numericUpDown28'),(278,'numericUpDown29'),(279,'numericUpDown30'),(280,'numericUpDown31'),(281,'numericUpDown32'),(282,'numericUpDown33'),(283,'numericUpDown34'),(284,'numericUpDown35'),(285,'numericUpDown36'),(286,'numericUpDown37'),(287,'numericUpDown38'),(288,'numericUpDown39'),(289,'numericUpDown40'),(290,'numericUpDown41'),(291,'numericUpDown42'),(292,'numericUpDown43'),(293,'numericUpDown44'),(294,'numericUpDown45'),(295,'numericUpDown46'),(296,'numericUpDown47'),(297,'numericUpDown48'),(298,'numericUpDown49'),(299,'numericUpDown50'),(300,'numericUpDown51'),(301,'numericUpDown52'),(302,'numericUpDown53'),(303,'numericUpDown54'),(304,'numericUpDown55'),(305,'numericUpDown56'),(306,'numericUpDown57'),(307,'numericUpDown58'),(308,'numericUpDown59'),(309,'numericUpDown60'),(310,'numericUpDown61'),(311,'numericUpDown62'),(312,'numericUpDown63'),(313,'numericUpDown64'),(314,'numericUpDown65'),(315,'numericUpDown66'),(316,'numericUpDown67'),(317,'numericUpDown68'),(318,'numericUpDown69'),(319,'numericUpDown70'),(320,'numericUpDown71'),(321,'numericUpDown72'),(322,'numericUpDown73'),(323,'numericUpDown74'),(324,'numericUpDown75'),(325,'numericUpDown76'),(326,'numericUpDown77'),(327,'numericUpDown78'),(328,'numericUpDown79'),(329,'numericUpDown80'),(330,'numericUpDown81'),(331,'numericUpDown82'),(332,'numericUpDown83'),(333,'numericUpDown84'),(334,'numericUpDown85'),(335,'numericUpDown86'),(336,'numericUpDown87'),(337,'numericUpDown88'),(338,'numericUpDown89'),(339,'numericUpDown90'),(340,'numericUpDown91'),(341,'numericUpDown92'),(342,'numericUpDown93'),(343,'numericUpDown94'),(344,'numericUpDown95'),(345,'numericUpDown96'),(346,'numericUpDown97'),(347,'numericUpDown98'),(348,'numericUpDown99'),(349,'numericUpDown100'),(350,'numericUpDown101'),(351,'numericUpDown102'),(352,'numericUpDown103'),(353,'numericUpDown104'),(354,'numericUpDown105'),(355,'numericUpDown106'),(356,'numericUpDown107'),(357,'numericUpDown108'),(358,'numericUpDown109'),(359,'numericUpDown110'),(360,'numericUpDown111'),(361,'numericUpDown112'),(362,'numericUpDown113'),(363,'numericUpDown114'),(364,'numericUpDown115'),(365,'numericUpDown116'),(366,'numericUpDown117'),(367,'numericUpDown118'),(368,'numericUpDown119'),(369,'numericUpDown120'),(370,'numericUpDown121'),(371,'numericUpDown122'),(372,'numericUpDown123'),(373,'numericUpDown124'),(374,'numericUpDown125'),(375,'numericUpDown126'),(376,'numericUpDown127'),(377,'numericUpDown128'),(378,'numericUpDown129'),(379,'numericUpDown130'),(380,'numericUpDown131'),(381,'numericUpDown132'),(382,'numericUpDown133'),(383,'numericUpDown134'),(384,'numericUpDown135'),(385,'numericUpDown136'),(386,'numericUpDown137'),(387,'numericUpDown138'),(388,'numericUpDown139'),(389,'numericUpDown140'),(390,'numericUpDown141'),(391,'numericUpDown142'),(392,'numericUpDown143'),(393,'numericUpDown144'),(394,'numericUpDown145'),(395,'numericUpDown146'),(396,'numericUpDown147'),(397,'numericUpDown148'),(398,'numericUpDown149'),(399,'numericUpDown150'),(400,'numericUpDown151'),(401,'numericUpDown152'),(402,'numericUpDown153'),(403,'numericUpDown154'),(404,'numericUpDown155'),(405,'numericUpDown156'),(406,'numericUpDown157'),(407,'numericUpDown158'),(408,'numericUpDown159'),(409,'numericUpDown160'),(410,'numericUpDown161'),(411,'numericUpDown162'),(412,'numericUpDown163'),(413,'numericUpDown164'),(414,'numericUpDown165'),(415,'numericUpDown166'),(416,'numericUpDown167'),(417,'numericUpDown168'),(418,'numericUpDown169'),(419,'numericUpDown170'),(420,'numericUpDown171'),(421,'numericUpDown172'),(422,'numericUpDown173'),(423,'numericUpDown174'),(424,'numericUpDown175'),(425,'numericUpDown176'),(426,'numericUpDown177'),(427,'numericUpDown178'),(428,'numericUpDown179'),(429,'numericUpDown180'),(430,'numericUpDown181'),(431,'numericUpDown182'),(432,'numericUpDown183'),(433,'numericUpDown184'),(434,'numericUpDown185'),(435,'numericUpDown186'),(436,'numericUpDown187'),(437,'numericUpDown188'),(438,'numericUpDown189'),(439,'numericUpDown190'),(440,'numericUpDown191'),(441,'numericUpDown192'),(442,'numericUpDown193'),(443,'numericUpDown194'),(444,'numericUpDown195'),(445,'numericUpDown196'),(446,'numericUpDown197'),(447,'numericUpDown198'),(448,'numericUpDown199'),(449,'numericUpDown200'),(450,'numericUpDown201'),(451,'numericUpDown202'),(452,'numericUpDown203'),(453,'numericUpDown204'),(454,'numericUpDown205'),(455,'numericUpDown206'),(456,'numericUpDown207'),(457,'numericUpDown208'),(458,'numericUpDown209'),(459,'numericUpDown210'),(460,'numericUpDown211'),(461,'numericUpDown212'),(462,'numericUpDown213'),(463,'numericUpDown214'),(464,'numericUpDown215'),(465,'numericUpDown216'),(466,'numericUpDown217'),(467,'numericUpDown218'),(468,'numericUpDown219'),(469,'numericUpDown220'),(470,'numericUpDown221'),(471,'numericUpDown222'),(472,'numericUpDown223'),(473,'numericUpDown224'),(474,'numericUpDown225'),(475,'numericUpDown226'),(476,'numericUpDown227'),(477,'numericUpDown228'),(478,'numericUpDown229'),(479,'numericUpDown230'),(480,'numericUpDown231'),(481,'numericUpDown232'),(482,'numericUpDown233'),(483,'numericUpDown234'),(484,'numericUpDown235'),(485,'numericUpDown236'),(486,'numericUpDown237'),(487,'numericUpDown238'),(488,'numericUpDown239'),(489,'numericUpDown240'),(490,'numericUpDown241'),(491,'numericUpDown242'),(492,'numericUpDown243'),(493,'numericUpDown244'),(494,'numericUpDown245'),(495,'numericUpDown246'),(496,'numericUpDown247'),(497,'numericUpDown248'),(498,'numericUpDown249'),(499,'btAuto12'),(500,'btAuto13'),(501,'btAuto15'),(502,'btAuto16'),(503,'btAuto20'),(504,'btAuto30'),(505,'btAuto120'),(506,'btAuto130'),(507,'btAuto40'),(508,'btAuto50'),(509,'btAuto150'),(510,'btAuto151'),(511,'btAuto152'),(512,'btAuto153'),(513,'btHM10'),(514,'btHM11'),(515,'btHM12'),(516,'btHM13'),(517,'btHM14'),(518,'btHM15'),(519,'btHM16'),(520,'btHM20'),(521,'btHM21'),(522,'btHM22'),(523,'btHM23'),(524,'btHM24'),(525,'btHM25'),(526,'btHM30'),(527,'btHM31'),(528,'btHM32'),(529,'btHM33'),(530,'btHM34'),(531,'btHM35'),(532,'btHM40'),(533,'btHM41'),(534,'btHM42'),(535,'btHM120'),(536,'btHM121'),(537,'btHM122'),(538,'btHM123'),(539,'btHM124'),(540,'btHM125'),(541,'btHM130'),(542,'btHM131'),(543,'btHM132'),(544,'btHM133'),(545,'btHM134'),(546,'btHM135'),(547,'btHM50'),(548,'btHM51'),(549,'btHM52'),(550,'btHM53'),(551,'btHM54'),(552,'btHM150'),(553,'btHM151'),(554,'btHM152'),(555,'btHM153'),(556,'btMov10'),(557,'btMov11'),(558,'btMov12'),(559,'btMov13'),(560,'btMov14'),(561,'btMov15'),(562,'btMov16'),(563,'btMov20'),(564,'btMov21'),(565,'btMov22'),(566,'btMov23'),(567,'btMov24'),(568,'btMov25'),(569,'btMov30'),(570,'btMov31'),(571,'btMov32'),(572,'btMov33'),(573,'btMov34'),(574,'btMov35'),(575,'btMov120'),(576,'btMov121'),(577,'btMov122'),(578,'btMov123'),(579,'btMov124'),(580,'btMov125'),(581,'btMov130'),(582,'btMov131'),(583,'btMov132'),(584,'btMov133'),(585,'btMov134'),(586,'btMov135'),(587,'btMov40'),(588,'btMov41'),(589,'btMov42'),(590,'btMov50'),(591,'btMov51'),(592,'btMov52'),(593,'btMov53'),(594,'btMov54'),(595,'btMov150'),(596,'btMov151'),(597,'btMov152'),(598,'btMov153'),(599,'btCal10'),(600,'btCal11'),(601,'btCal12'),(602,'btCal13'),(603,'btCal14'),(604,'btCal15'),(605,'btCal16'),(606,'btCal20'),(607,'btCal21'),(608,'btCal22'),(609,'btCal23'),(610,'btCal24'),(611,'btCal25'),(612,'btCal30'),(613,'btCal31'),(614,'btCal32'),(615,'btCal33'),(616,'btCal34'),(617,'btCal35'),(618,'btCal120'),(619,'btCal121'),(620,'btCal122'),(621,'btCal123'),(622,'btCal124'),(623,'btCal125'),(624,'btCal130'),(625,'btCal131'),(626,'btCal132'),(627,'btCal133'),(628,'btCal134'),(629,'btCal135'),(630,'btCal40'),(631,'btCal41'),(632,'btCal42'),(633,'btCal50'),(634,'btCal51'),(635,'btCal52'),(636,'btCal53'),(637,'btCal54'),(638,'btCal150'),(639,'btCal151'),(640,'btCal152'),(641,'btCal153'),(642,'timer5');
/*!40000 ALTER TABLE `controls` ENABLE KEYS */;
UNLOCK TABLES;

--
-- Table structure for table `drive`
--

DROP TABLE IF EXISTS `drive`;
/*!40101 SET @saved_cs_client     = @@character_set_client */;
/*!40101 SET character_set_client = utf8 */;
CREATE TABLE `drive` (
  `idDrive` int(11) NOT NULL,
  `nombre` varchar(130) DEFAULT NULL,
  PRIMARY KEY (`idDrive`)
) ENGINE=InnoDB DEFAULT CHARSET=latin1;
/*!40101 SET character_set_client = @saved_cs_client */;

--
-- Dumping data for table `drive`
--

LOCK TABLES `drive` WRITE;
/*!40000 ALTER TABLE `drive` DISABLE KEYS */;
INSERT INTO `drive` VALUES (0,''),(10,'10MS PALETA LADO OPERADOR'),(11,'11MS PALETA LADO TRANSMICIÓN'),(12,'12MS ESCUADRA LADO OPERADOR'),(13,'13MS ESCUADRA LADO TRANSMISIÓN'),(14,'14MS PRESIÓN EN INTRODUCTOR'),(15,'15MS DESPLAZAMIENTO TOPE LADO OPERADOR'),(16,'16MS DESPLAZAMIENTO TOPE LADO TRANSMISIÓN'),(20,'20MS REGISTRO PRIMER COLOR'),(21,'21MS RODILLO DE PRESIÓN PRIMER COLOR'),(22,'22MS RODILLO DE PRESIÓN PRIMER COLOR'),(23,'23MS RODILLO DE PRESIÓN PRIMER COLOR'),(24,'24MS CARRETILLA LADO OPERADOR PRIMER COLOR'),(25,'25MS CARRETILLA LADO TRANSMISIÓN PRIMER COLOR'),(30,'30MS REGISTRO SEGUNDO COLOR'),(31,'31MS RODILLO DE PRESIÓN SEGUNDO COLOR'),(32,'32MS RODILLO DE PRESIÓN SEGUNDO COLOR'),(33,'33MS RODILLO DE PRESIÓN SEGUNDO COLOR'),(34,'34MS CARRETILLA LADO OPERADOR SEGUNDO COLOR'),(35,'35MS CARRETILLA LADOR TRANSMICIÓN SEGUNDO COLOR'),(40,'40MS REGISTRO TROQUEL'),(41,'41MS RODILLO DE PRESIÓN'),(42,'42MS RODILLO DE PRESIÓN DE TROQUEL'),(50,'50MS REGISTRO DE RANURADOR'),(51,'51MS PRESIÓN PRIMERA NAVAJA'),(52,'52MS PRESIÓN SEGUNDA NAVAJA'),(53,'53MS PRESIÓN TERCERA NAVAJA'),(54,'54MS PRESIÓN CUARTA NAVAJA'),(120,'120MS REGISTRO TERCER COLOR'),(121,'121MS RODILLO DE PRESIÓN TERCER COLOR '),(122,'122MS RODILLO DE PRESIÓN TERCER COLOR'),(123,'123MS RODILLO DE PRESIÓN TERCER COLOR'),(124,'124MS CARRETILLA LADO OPERADOR TERCER COLOR'),(125,'125MS CARRETILLA LADO TRANSMICIÓN TERCER COLOR'),(130,'130MS REGISTRO CUARTO COLOR'),(131,'131MS RODILLO DE PRESIÓN CUARTO COLOR'),(132,'132MS RODILLO DE PRESIÓN CUARTO COLOR'),(133,'133MS RODILLO DE PRESIÓN CUARTO COLOR'),(134,'134MS CARRETILLA LADO OPERADOR CUARTO COLOR'),(135,'135MS CARRETLLA LADO OPERADOR CUARTO COLOR'),(150,'50MD PRIMERA NAVAJA'),(151,'51MD SEGUNDA NAVAJA'),(152,'52MD TERCERA NAVAJA'),(153,'53MD CUARTA NAVAJA');
/*!40000 ALTER TABLE `drive` ENABLE KEYS */;
UNLOCK TABLES;

--
-- Table structure for table `drivescero`
--

DROP TABLE IF EXISTS `drivescero`;
/*!40101 SET @saved_cs_client     = @@character_set_client */;
/*!40101 SET character_set_client = utf8 */;
CREATE TABLE `drivescero` (
  `idp` int(11) NOT NULL,
  `P20` varchar(45) DEFAULT NULL,
  `P30` varchar(45) DEFAULT NULL,
  `P120` varchar(45) DEFAULT NULL,
  `P130` varchar(45) DEFAULT NULL,
  `P40` varchar(45) DEFAULT NULL,
  `P50` varchar(45) DEFAULT NULL,
  PRIMARY KEY (`idp`)
) ENGINE=InnoDB DEFAULT CHARSET=latin1;
/*!40101 SET character_set_client = @saved_cs_client */;

--
-- Dumping data for table `drivescero`
--

LOCK TABLES `drivescero` WRITE;
/*!40000 ALTER TABLE `drivescero` DISABLE KEYS */;
INSERT INTO `drivescero` VALUES (1,'0','0','0','0','0','0'),(2,'1399','1186','1263','1066','964','242');
/*!40000 ALTER TABLE `drivescero` ENABLE KEYS */;
UNLOCK TABLES;

--
-- Table structure for table `en_drive`
--

DROP TABLE IF EXISTS `en_drive`;
/*!40101 SET @saved_cs_client     = @@character_set_client */;
/*!40101 SET character_set_client = utf8 */;
CREATE TABLE `en_drive` (
  `idx` int(11) NOT NULL,
  `val` tinyint(4) DEFAULT NULL,
  PRIMARY KEY (`idx`)
) ENGINE=InnoDB DEFAULT CHARSET=latin1;
/*!40101 SET character_set_client = @saved_cs_client */;

--
-- Dumping data for table `en_drive`
--

LOCK TABLES `en_drive` WRITE;
/*!40000 ALTER TABLE `en_drive` DISABLE KEYS */;
INSERT INTO `en_drive` VALUES (10,1),(11,1),(12,1),(13,1),(14,1),(15,1),(16,1),(20,1),(21,1),(22,1),(23,1),(24,1),(25,1),(30,1),(31,1),(32,1),(33,1),(34,1),(35,1),(40,1),(41,1),(42,1),(50,0),(51,0),(52,0),(53,0),(54,0),(120,1),(121,1),(122,1),(123,1),(124,1),(125,1),(130,1),(131,1),(132,1),(133,1),(134,1),(135,1),(150,0),(151,0),(152,0),(153,0);
/*!40000 ALTER TABLE `en_drive` ENABLE KEYS */;
UNLOCK TABLES;

--
-- Table structure for table `flauta`
--

DROP TABLE IF EXISTS `flauta`;
/*!40101 SET @saved_cs_client     = @@character_set_client */;
/*!40101 SET character_set_client = utf8 */;
CREATE TABLE `flauta` (
  `idflauta` varchar(15) NOT NULL,
  `espesor` varchar(10) DEFAULT NULL,
  PRIMARY KEY (`idflauta`)
) ENGINE=InnoDB DEFAULT CHARSET=latin1;
/*!40101 SET character_set_client = @saved_cs_client */;

--
-- Dumping data for table `flauta`
--

LOCK TABLES `flauta` WRITE;
/*!40000 ALTER TABLE `flauta` DISABLE KEYS */;
INSERT INTO `flauta` VALUES ('B','0'),('BC','0'),('C','0');
/*!40000 ALTER TABLE `flauta` ENABLE KEYS */;
UNLOCK TABLES;

--
-- Table structure for table `forms`
--

DROP TABLE IF EXISTS `forms`;
/*!40101 SET @saved_cs_client     = @@character_set_client */;
/*!40101 SET character_set_client = utf8 */;
CREATE TABLE `forms` (
  `id` int(11) NOT NULL AUTO_INCREMENT,
  `name` varchar(150) DEFAULT NULL,
  PRIMARY KEY (`id`),
  UNIQUE KEY `name_UNIQUE` (`name`)
) ENGINE=InnoDB AUTO_INCREMENT=22 DEFAULT CHARSET=latin1;
/*!40101 SET character_set_client = @saved_cs_client */;

--
-- Dumping data for table `forms`
--

LOCK TABLES `forms` WRITE;
/*!40000 ALTER TABLE `forms` DISABLE KEYS */;
INSERT INTO `forms` VALUES (1,'actual'),(3,'alarma'),(7,'consultas'),(8,'CuartoColor'),(12,'factor'),(13,'Form1'),(14,'nuevaCaja'),(2,'offset'),(16,'pass'),(17,'PrimerColor'),(18,'Ranurador'),(19,'SegundoColor'),(20,'TercerColor'),(21,'troquel');
/*!40000 ALTER TABLE `forms` ENABLE KEYS */;
UNLOCK TABLES;

--
-- Table structure for table `historico`
--

DROP TABLE IF EXISTS `historico`;
/*!40101 SET @saved_cs_client     = @@character_set_client */;
/*!40101 SET character_set_client = utf8 */;
CREATE TABLE `historico` (
  `idhistorico` int(11) NOT NULL AUTO_INCREMENT,
  `fecha` datetime DEFAULT NULL,
  `drive` int(11) DEFAULT NULL,
  `id_al_code` int(11) DEFAULT NULL,
  PRIMARY KEY (`idhistorico`),
  KEY `fk1_historico_has_al_code` (`id_al_code`),
  KEY `fk1_historico_has_drive_idx` (`drive`),
  CONSTRAINT `fk1_historico_has_al_code` FOREIGN KEY (`id_al_code`) REFERENCES `al_code` (`idal_code`) ON DELETE NO ACTION ON UPDATE NO ACTION,
  CONSTRAINT `fk1_historico_has_drive` FOREIGN KEY (`drive`) REFERENCES `drive` (`idDrive`) ON DELETE NO ACTION ON UPDATE NO ACTION
) ENGINE=InnoDB AUTO_INCREMENT=388 DEFAULT CHARSET=latin1;
/*!40101 SET character_set_client = @saved_cs_client */;

--
-- Dumping data for table `historico`
--

LOCK TABLES `historico` WRITE;
/*!40000 ALTER TABLE `historico` DISABLE KEYS */;
INSERT INTO `historico` VALUES (1,'2013-03-31 21:45:27',20,7),(2,'2013-03-31 21:45:28',20,7),(3,'2013-03-31 21:45:29',20,7),(4,'2013-03-31 21:45:29',20,7),(5,'2013-03-31 21:45:30',20,7),(6,'2013-03-31 21:45:31',20,7),(7,'2013-03-31 21:45:31',20,7),(8,'2013-04-01 00:43:06',20,7),(9,'2013-04-01 00:43:34',20,7),(10,'2013-04-01 00:51:26',20,7),(11,'2013-04-01 01:14:59',20,7),(12,'2013-04-01 01:18:07',20,7),(13,'2013-04-08 13:21:19',20,7),(14,'2013-12-12 15:37:14',20,7),(15,'2014-02-04 17:35:41',20,7),(16,'2014-02-04 17:35:42',20,7),(17,'2014-02-04 17:35:52',20,7),(18,'2014-04-17 15:13:30',50,1),(19,'2014-04-17 15:13:38',50,1),(20,'2014-04-17 15:14:36',50,1),(21,'2014-04-17 15:14:37',50,1),(22,'2014-04-17 15:15:11',10,1),(23,'2014-04-17 15:15:43',10,1),(24,'2014-04-17 15:18:58',50,1),(25,'2014-04-17 15:18:59',50,1),(26,'2014-04-17 15:21:34',50,1),(27,'2014-04-17 15:24:41',50,1),(28,'2014-04-17 15:24:41',50,1),(29,'2014-04-17 15:24:41',50,1),(30,'2014-04-17 15:24:41',50,1),(31,'2014-04-17 15:25:25',10,1),(32,'2014-04-17 15:30:25',50,1),(33,'2014-04-17 15:30:25',50,1),(34,'2014-04-17 15:30:25',50,1),(35,'2014-04-17 15:30:25',50,1),(36,'2014-04-17 15:30:46',10,1),(37,'2014-04-17 15:36:15',50,1),(38,'2014-04-17 15:36:15',50,1),(39,'2014-04-17 15:36:16',50,1),(40,'2014-04-17 15:36:16',50,1),(41,'2014-04-17 15:37:22',10,1),(42,'2014-04-17 15:37:23',10,1),(43,'2014-04-17 15:37:34',50,1),(44,'2014-04-17 15:37:34',50,1),(45,'2014-04-17 15:37:34',10,1),(46,'2014-04-17 15:37:34',10,1),(47,'2014-04-17 15:37:34',50,1),(48,'2014-04-17 15:37:35',50,1),(49,'2014-04-17 16:25:14',10,1),(50,'2014-04-17 16:25:33',10,1),(51,'2014-04-17 16:28:05',10,1),(52,'2014-04-17 16:36:13',10,1),(53,'2014-04-17 16:39:49',10,1),(54,'2014-04-17 16:39:58',20,1),(55,'2014-04-17 16:39:58',20,1),(56,'2014-04-17 16:40:04',151,1),(57,'2014-04-17 16:40:04',151,1),(58,'2014-04-17 16:57:51',10,1),(59,'2014-04-17 16:57:52',10,1),(60,'2014-04-17 16:57:56',10,1),(61,'2014-04-17 17:02:43',152,1),(62,'2014-04-17 17:02:43',152,1),(63,'2014-04-17 17:02:52',152,1),(64,'2014-04-17 17:02:52',152,1),(65,'2014-04-17 17:02:54',152,1),(66,'2014-04-17 17:02:54',152,1),(67,'2014-04-17 17:03:41',30,1),(68,'2014-04-17 17:03:41',30,1),(69,'2014-04-17 17:10:50',11,1),(70,'2014-04-17 17:10:56',12,1),(71,'2014-04-17 17:10:56',12,1),(72,'2014-04-17 17:10:59',13,1),(73,'2014-04-17 17:10:59',13,1),(74,'2014-04-17 17:11:04',14,1),(75,'2014-04-17 17:11:04',14,1),(76,'2014-04-17 17:11:05',14,1),(77,'2014-04-17 17:11:05',14,1),(78,'2014-04-17 17:11:05',14,1),(79,'2014-04-17 17:11:05',14,1),(80,'2014-04-17 17:11:05',14,1),(81,'2014-04-17 17:11:06',14,1),(82,'2014-04-17 17:11:13',15,1),(83,'2014-04-17 17:11:13',15,1),(84,'2014-04-17 17:11:18',16,1),(85,'2014-04-17 17:11:18',16,1),(86,'2014-04-17 17:11:24',20,1),(87,'2014-04-17 17:11:24',20,1),(88,'2014-04-17 17:11:27',21,1),(89,'2014-04-17 17:11:27',21,1),(90,'2014-04-17 17:11:29',22,1),(91,'2014-04-17 17:11:29',22,1),(92,'2014-04-17 17:11:31',23,1),(93,'2014-04-17 17:11:31',23,1),(94,'2014-04-17 17:11:34',24,1),(95,'2014-04-17 17:11:34',24,1),(96,'2014-04-17 17:11:37',25,1),(97,'2014-04-17 17:11:37',25,1),(98,'2014-04-24 21:54:45',10,1),(99,'2014-04-24 21:54:47',11,1),(100,'2014-04-24 22:07:27',10,1),(101,'2014-04-24 22:07:44',10,1),(102,'2014-04-24 22:07:48',10,1),(103,'2014-04-24 22:07:50',10,1),(104,'2014-04-24 22:07:53',10,1),(105,'2014-04-24 22:30:40',10,1),(106,'2014-04-24 23:38:50',10,1),(107,'2014-04-24 23:38:50',10,1),(108,'2014-05-02 15:34:02',120,7),(109,'2014-05-02 15:34:02',120,7),(110,'2014-05-02 15:36:30',120,7),(111,'2014-05-02 15:36:30',120,7),(112,'2014-05-18 14:52:14',10,7),(113,'2014-05-18 14:52:14',10,7),(114,'2014-05-18 14:57:00',11,7),(115,'2014-05-18 14:57:00',11,7),(116,'2014-05-18 15:00:16',12,7),(117,'2014-05-18 15:02:49',11,7),(118,'2014-05-18 15:02:49',10,7),(119,'2014-05-18 15:02:50',11,7),(120,'2014-05-18 15:02:50',10,7),(121,'2014-05-18 15:19:46',11,7),(122,'2014-05-18 15:19:46',10,7),(123,'2014-05-18 15:19:48',11,7),(124,'2014-05-18 15:19:48',10,7),(125,'2014-05-18 15:27:33',12,7),(126,'2014-05-18 15:27:33',12,7),(127,'2014-05-18 15:29:49',12,7),(128,'2014-05-18 15:29:49',12,7),(129,'2014-05-18 15:31:02',11,7),(130,'2014-05-18 15:31:03',10,7),(131,'2014-05-18 15:31:03',12,7),(132,'2014-05-18 15:31:03',12,7),(133,'2014-05-18 15:31:04',11,7),(134,'2014-05-18 15:31:04',10,7),(135,'2014-05-18 15:31:04',12,7),(136,'2014-05-18 15:31:04',12,7),(137,'2014-05-18 15:31:16',13,7),(138,'2014-05-18 15:31:16',13,7),(139,'2014-05-18 15:32:47',13,7),(140,'2014-05-18 15:32:47',13,7),(141,'2014-05-18 20:37:13',15,7),(142,'2014-05-18 20:39:40',15,7),(143,'2014-05-18 20:39:46',15,7),(144,'2014-05-18 20:39:49',15,7),(145,'2014-05-18 20:41:13',14,7),(146,'2014-05-18 20:41:21',14,7),(147,'2014-05-18 20:41:22',14,7),(148,'2014-05-18 20:41:23',14,7),(149,'2014-05-18 20:43:25',16,7),(150,'2014-05-18 20:43:40',16,7),(151,'2014-05-18 20:57:29',50,7),(152,'2014-05-18 20:57:29',50,7),(153,'2014-05-18 20:57:29',50,7),(154,'2014-05-18 20:57:29',50,7),(155,'2014-05-18 21:00:46',51,7),(156,'2014-05-18 21:00:46',51,7),(157,'2014-05-18 21:00:46',51,7),(158,'2014-05-18 21:00:46',51,7),(159,'2014-05-18 21:09:23',50,7),(160,'2014-05-18 21:09:23',50,7),(161,'2014-05-18 21:09:24',50,7),(162,'2014-05-18 21:09:24',50,7),(163,'2014-05-18 21:10:00',51,7),(164,'2014-05-18 21:10:00',51,7),(165,'2014-05-18 21:10:00',51,7),(166,'2014-05-18 21:10:00',51,7),(167,'2014-05-21 17:55:02',10,7),(168,'2014-05-21 17:55:35',10,7),(169,'2014-05-21 17:55:37',10,7),(170,'2014-05-21 17:56:00',10,7),(171,'2014-05-21 17:56:07',11,7),(172,'2014-05-21 17:56:33',12,7),(173,'2014-05-21 17:57:20',12,7),(174,'2014-05-21 18:59:05',40,7),(175,'2014-05-21 19:00:00',40,7),(176,'2014-05-21 19:14:55',10,7),(177,'2014-05-21 19:15:28',10,7),(178,'2014-05-21 19:25:14',10,7),(179,'2014-05-21 19:30:52',153,7),(180,'2014-05-22 13:35:05',20,7),(181,'2014-05-22 13:35:06',20,7),(182,'2014-06-01 20:59:45',14,30),(183,'2014-06-05 13:54:49',152,7),(184,'2014-06-05 13:54:49',16,7),(185,'2014-06-05 13:54:50',152,7),(186,'2014-06-05 13:54:50',16,7),(187,'2014-06-05 13:56:30',14,7),(188,'2014-06-05 13:56:49',14,7),(189,'2014-06-05 14:00:21',14,7),(190,'2014-06-05 14:04:00',16,7),(191,'2014-06-05 14:05:57',16,7),(192,'2014-06-05 14:06:22',16,7),(193,'2014-06-05 14:07:14',16,7),(194,'2014-06-05 14:10:03',16,7),(195,'2014-06-05 14:10:21',16,7),(196,'2014-06-05 16:16:47',152,7),(197,'2014-08-18 15:01:41',125,7),(198,'2014-08-18 15:14:09',125,7),(199,'2014-08-18 15:18:12',125,7),(200,'2014-08-18 15:19:04',125,7),(201,'2014-08-18 15:21:17',125,7),(202,'2014-08-18 15:23:50',125,7),(203,'2014-08-18 15:26:19',125,7),(204,'2014-08-18 15:42:37',125,7),(205,'2014-08-18 15:43:43',125,7),(206,'2014-08-18 15:54:09',125,7),(207,'2014-09-28 12:29:43',14,36),(208,'2014-09-28 12:30:48',133,36),(209,'2014-09-28 12:31:06',150,7),(210,'2014-09-28 12:31:06',152,7),(211,'2014-09-28 12:33:09',21,36),(212,'2014-09-28 13:54:12',14,36),(213,'2014-09-28 13:55:18',133,36),(214,'2014-09-28 14:32:48',14,36),(215,'2014-09-28 14:32:49',133,36),(216,'2014-09-28 14:32:50',14,36),(217,'2014-09-28 14:46:18',14,36),(218,'2014-09-28 14:46:19',133,36),(219,'2014-09-28 14:51:04',133,36),(220,'2014-09-28 14:51:04',14,36),(221,'2014-09-28 14:51:06',133,36),(222,'2014-09-28 14:51:06',14,36),(223,'2014-09-28 14:51:25',133,36),(224,'2014-09-28 14:51:25',14,36),(225,'2014-09-28 14:51:26',133,36),(226,'2014-09-28 14:51:26',14,36),(227,'2014-09-28 15:21:42',14,36),(228,'2014-09-28 15:23:06',14,36),(229,'2014-09-28 15:25:08',14,36),(230,'2014-09-28 15:25:10',133,36),(231,'2014-09-28 15:33:31',14,36),(232,'2014-09-28 15:35:13',14,36),(233,'2014-09-28 15:37:15',14,36),(234,'2014-09-28 15:37:15',133,36),(235,'2014-09-28 15:37:15',14,36),(236,'2014-09-28 15:45:35',13,7),(237,'2014-09-28 16:01:44',16,7),(238,'2014-09-28 18:09:35',125,7),(239,'2014-09-28 18:09:46',134,7),(240,'2014-09-28 18:09:49',135,7),(241,'2014-09-28 18:15:20',125,7),(242,'2014-09-28 18:15:20',135,7),(243,'2014-09-28 18:15:20',134,7),(244,'2014-09-28 18:15:21',135,7),(245,'2014-09-28 18:15:21',134,7),(246,'2014-09-28 18:15:21',125,7),(247,'2014-09-28 18:20:44',125,7),(248,'2014-09-28 18:20:44',135,7),(249,'2014-09-28 18:20:44',134,7),(250,'2014-09-28 18:20:44',135,7),(251,'2014-09-28 18:20:45',134,7),(252,'2014-09-28 18:20:45',125,7),(253,'2014-09-28 18:27:47',125,7),(254,'2014-09-28 18:27:47',135,7),(255,'2014-09-28 18:27:47',134,7),(256,'2014-09-28 18:27:47',135,7),(257,'2014-09-28 18:27:49',134,7),(258,'2014-09-28 18:27:49',125,7),(259,'2014-09-28 18:33:11',125,7),(260,'2014-09-28 18:33:11',135,7),(261,'2014-09-28 18:33:11',134,7),(262,'2014-09-28 18:33:12',135,7),(263,'2014-09-28 18:33:12',134,7),(264,'2014-09-28 18:33:12',125,7),(265,'2014-09-28 18:43:58',125,7),(266,'2014-09-28 18:43:58',135,7),(267,'2014-09-28 18:43:58',134,7),(268,'2014-09-28 19:08:46',125,7),(269,'2014-09-28 19:08:46',135,7),(270,'2014-09-28 19:08:46',134,7),(271,'2014-09-28 19:08:47',135,7),(272,'2014-09-28 19:08:47',134,7),(273,'2014-09-28 19:08:47',125,7),(274,'2014-09-28 19:12:53',125,7),(275,'2014-09-28 19:12:53',135,7),(276,'2014-09-28 19:12:53',134,7),(277,'2014-09-28 19:12:54',135,7),(278,'2014-09-28 19:12:54',134,7),(279,'2014-09-28 19:12:54',125,7),(280,'2014-09-28 19:18:11',125,7),(281,'2014-09-28 19:18:11',135,7),(282,'2014-09-28 19:18:11',134,7),(283,'2014-09-28 19:18:11',135,7),(284,'2014-09-28 19:18:13',134,7),(285,'2014-09-28 19:18:13',125,7),(286,'2014-09-28 19:51:11',125,7),(287,'2014-09-28 19:51:11',135,7),(288,'2014-09-28 19:51:11',134,7),(289,'2014-09-28 19:51:12',135,7),(290,'2014-09-28 19:51:12',134,7),(291,'2014-09-28 19:51:12',125,7),(292,'2014-09-28 19:55:19',125,7),(293,'2014-09-28 19:55:19',135,7),(294,'2014-09-28 19:55:19',134,7),(295,'2014-09-28 20:05:18',125,7),(296,'2014-09-28 20:05:18',135,7),(297,'2014-09-28 20:05:18',134,7),(298,'2014-09-28 20:09:57',125,7),(299,'2014-09-28 20:09:57',135,7),(300,'2014-09-28 20:09:57',134,7),(301,'2014-09-28 20:09:58',135,7),(302,'2014-09-28 20:09:58',134,7),(303,'2014-09-28 20:09:58',125,7),(304,'2014-09-28 20:14:40',125,7),(305,'2014-09-28 20:14:40',135,7),(306,'2014-09-28 20:14:40',134,7),(307,'2014-09-28 20:14:40',135,7),(308,'2014-09-28 20:14:41',134,7),(309,'2014-09-28 20:14:41',125,7),(310,'2014-09-28 20:15:24',125,7),(311,'2014-09-28 20:15:24',135,7),(312,'2014-09-28 20:15:24',134,7),(313,'2014-09-28 20:15:24',135,7),(314,'2014-09-28 20:15:26',134,7),(315,'2014-09-28 20:15:26',125,7),(316,'2014-09-28 20:22:34',125,7),(317,'2014-09-28 20:22:34',135,7),(318,'2014-09-28 20:22:34',134,7),(319,'2014-09-28 20:22:34',135,7),(320,'2014-09-28 20:22:35',134,7),(321,'2014-09-28 20:22:35',125,7),(322,'2014-09-28 21:26:48',134,7),(323,'2014-09-28 21:26:48',135,7),(324,'2014-09-28 21:26:49',134,7),(325,'2014-09-28 21:31:46',134,7),(326,'2014-09-28 21:31:46',135,7),(327,'2014-09-28 21:33:17',134,7),(328,'2014-09-28 21:33:17',135,7),(329,'2014-09-28 21:33:17',134,7),(330,'2014-09-28 22:06:06',34,7),(331,'2014-09-28 22:18:03',24,30),(332,'2014-09-28 23:29:04',34,7),(333,'2014-09-29 19:48:49',42,7),(334,'2014-09-29 20:24:30',12,36),(335,'2014-09-29 21:00:53',152,7),(336,'2014-09-29 21:03:09',151,7),(337,'2014-10-01 09:45:09',150,30),(338,'2014-10-01 11:05:17',150,7),(339,'2014-10-02 05:50:18',20,7),(340,'2014-10-02 05:50:19',20,7),(341,'2014-10-02 21:49:51',20,7),(342,'2014-10-03 07:06:13',20,7),(343,'2014-10-13 05:59:36',20,7),(344,'2014-10-13 05:59:37',20,7),(345,'2014-10-13 06:58:09',40,7),(346,'2014-10-13 06:58:09',40,7),(347,'2014-10-23 12:11:08',124,7),(348,'2014-10-23 12:11:09',124,7),(349,'2014-10-23 17:01:35',40,7),(350,'2014-10-23 17:07:28',40,7),(351,'2014-10-25 18:54:37',120,19),(352,'2014-10-25 18:54:37',30,19),(353,'2014-10-25 18:54:37',20,19),(354,'2014-10-25 18:59:54',120,19),(355,'2014-10-25 18:59:54',30,19),(356,'2014-10-25 18:59:54',20,19),(357,'2014-10-25 18:59:55',120,19),(358,'2014-10-25 18:59:55',30,19),(359,'2014-10-25 18:59:55',20,19),(360,'2014-10-25 18:59:59',20,19),(361,'2014-10-25 18:59:59',120,19),(362,'2014-10-25 18:59:59',30,19),(363,'2014-10-25 19:00:00',120,19),(364,'2014-10-25 19:00:00',30,19),(365,'2014-10-25 19:00:00',20,19),(366,'2014-10-26 12:37:07',40,7),(367,'2014-10-26 12:37:46',40,7),(368,'2014-10-26 12:42:08',40,7),(369,'2014-10-26 21:06:13',132,7),(370,'2014-10-26 21:06:14',132,7),(371,'2014-10-26 21:20:58',132,7),(372,'2014-10-26 21:20:59',132,7),(373,'2014-10-27 00:49:49',132,7),(374,'2014-10-27 00:49:50',132,7),(375,'2014-10-27 01:27:01',40,7),(376,'2014-10-27 01:27:02',40,7),(377,'2014-10-27 18:49:19',132,7),(378,'2014-10-27 18:49:47',132,7),(379,'2014-10-27 23:29:29',132,7),(380,'2014-10-27 23:34:14',132,7),(381,'2014-10-27 23:36:29',132,7),(382,'2014-10-27 23:44:41',132,7),(383,'2014-10-27 23:50:58',132,7),(384,'2014-10-27 23:52:29',132,7),(385,'2014-10-27 23:56:32',132,7),(386,'2014-10-28 08:27:39',132,7),(387,'2014-10-28 08:30:40',132,7);
/*!40000 ALTER TABLE `historico` ENABLE KEYS */;
UNLOCK TABLES;

--
-- Table structure for table `licence`
--

DROP TABLE IF EXISTS `licence`;
/*!40101 SET @saved_cs_client     = @@character_set_client */;
/*!40101 SET character_set_client = utf8 */;
CREATE TABLE `licence` (
  `idLicence` int(11) NOT NULL,
  `Value` varchar(45) DEFAULT NULL,
  PRIMARY KEY (`idLicence`)
) ENGINE=InnoDB DEFAULT CHARSET=latin1;
/*!40101 SET character_set_client = @saved_cs_client */;

--
-- Dumping data for table `licence`
--

LOCK TABLES `licence` WRITE;
/*!40000 ALTER TABLE `licence` DISABLE KEYS */;
INSERT INTO `licence` VALUES (1,'“j7• ­õÁS•¸û¿#¹'),(2,'ò±Á6»×QÒ%BJß-›|I');
/*!40000 ALTER TABLE `licence` ENABLE KEYS */;
UNLOCK TABLES;

--
-- Table structure for table `medidas`
--

DROP TABLE IF EXISTS `medidas`;
/*!40101 SET @saved_cs_client     = @@character_set_client */;
/*!40101 SET character_set_client = utf8 */;
CREATE TABLE `medidas` (
  `idmedidas` int(11) NOT NULL AUTO_INCREMENT,
  `A` int(11) DEFAULT '0',
  `B` int(11) DEFAULT '0',
  `C` int(11) DEFAULT '0',
  `D` int(11) DEFAULT '0',
  `E` int(11) DEFAULT '0',
  `F` int(11) DEFAULT '0',
  `G` int(11) DEFAULT '0',
  `H` int(11) DEFAULT '0',
  PRIMARY KEY (`idmedidas`)
) ENGINE=InnoDB AUTO_INCREMENT=65 DEFAULT CHARSET=latin1;
/*!40101 SET character_set_client = @saved_cs_client */;

--
-- Dumping data for table `medidas`
--

LOCK TABLES `medidas` WRITE;
/*!40000 ALTER TABLE `medidas` DISABLE KEYS */;
INSERT INTO `medidas` VALUES (2,400,300,400,300,100,200,400,200),(3,350,350,350,350,100,300,200,300),(4,350,350,350,350,100,300,200,300),(5,350,350,350,350,100,300,200,300),(6,350,350,350,350,100,300,200,300),(7,350,350,350,350,100,300,200,300),(8,350,350,350,350,100,300,200,300),(9,600,600,600,800,510,230,1540,230),(10,400,400,350,400,50,250,1000,250),(11,560,400,400,45,95,651,98,651),(12,560,400,400,45,95,651,98,651),(13,5,6,4,5,1480,500,799,500),(14,650,400,200,200,50,560,880,560),(15,300,550,350,400,200,250,700,250),(16,390,390,390,390,40,250,700,250),(17,490,490,200,200,20,350,100,350),(18,390,390,300,390,30,300,600,300),(19,100,200,100,190,10,200,200,200),(20,100,200,100,190,10,200,200,200),(21,400,350,400,320,30,300,300,200),(22,300,400,300,400,100,300,600,300),(23,350,400,200,350,100,500,200,500),(24,400,350,400,340,10,300,400,300),(25,450,300,450,290,10,350,650,350),(26,360,360,360,360,60,560,240,560),(27,350,340,350,340,120,360,280,360),(28,450,200,450,200,200,320,360,320),(29,300,600,600,900,710,500,1000,500),(30,360,700,700,1000,240,800,400,800),(31,500,200,500,700,100,500,300,500),(32,500,900,500,900,310,500,1000,500),(33,600,400,600,300,100,350,300,350),(34,500,500,500,450,50,400,200,400),(35,470,470,470,470,120,400,200,400),(36,200,1000,200,500,100,200,600,200),(37,200,200,200,200,200,200,300,200),(38,125,350,125,350,50,200,200,200),(39,450,450,450,450,200,300,900,300),(40,450,450,450,450,200,300,900,300),(41,490,490,490,490,40,400,700,400),(42,490,490,490,490,40,400,700,400),(43,490,490,490,490,40,400,700,400),(44,490,490,490,490,40,400,700,400),(45,490,490,490,490,40,400,700,400),(46,490,490,490,490,40,400,700,400),(47,490,490,490,490,40,300,400,300),(48,490,490,490,490,40,300,400,300),(49,490,490,490,490,40,400,700,400),(50,490,490,490,490,40,400,700,400),(51,490,490,490,490,40,400,700,400),(52,490,490,490,490,40,400,700,400),(53,490,490,490,490,40,350,800,350),(54,0,0,0,0,0,0,0,0),(55,0,0,0,0,0,0,0,0),(56,400,450,400,600,150,500,500,500),(57,450,500,450,500,100,300,400,300),(58,450,500,450,500,100,350,300,350),(59,450,450,450,450,200,400,700,400),(60,490,490,490,490,40,400,400,400),(61,0,0,0,0,0,0,0,0),(62,0,0,0,0,0,0,0,0),(63,700,700,700,680,330,666,668,666),(64,777,777,777,666,3,666,168,666);
/*!40000 ALTER TABLE `medidas` ENABLE KEYS */;
UNLOCK TABLES;

--
-- Table structure for table `offset`
--

DROP TABLE IF EXISTS `offset`;
/*!40101 SET @saved_cs_client     = @@character_set_client */;
/*!40101 SET character_set_client = utf8 */;
CREATE TABLE `offset` (
  `idoffset` int(11) NOT NULL,
  `offsetcol` varchar(45) DEFAULT NULL,
  `LN` varchar(45) DEFAULT NULL,
  `LP` varchar(45) DEFAULT NULL,
  PRIMARY KEY (`idoffset`),
  CONSTRAINT `fk1_offeset_has_drive` FOREIGN KEY (`idoffset`) REFERENCES `drive` (`idDrive`) ON DELETE CASCADE ON UPDATE CASCADE
) ENGINE=InnoDB DEFAULT CHARSET=latin1;
/*!40101 SET character_set_client = @saved_cs_client */;

--
-- Dumping data for table `offset`
--

LOCK TABLES `offset` WRITE;
/*!40000 ALTER TABLE `offset` DISABLE KEYS */;
INSERT INTO `offset` VALUES (0,'0',NULL,NULL),(10,'0','3000','11000'),(11,'0','0','11000'),(12,'376000','0','32000'),(13,'329000','333000','12000'),(14,'0','-261541','-1110313'),(15,'57000','57000','99000'),(16,'56500','57000','12000'),(20,NULL,NULL,'16000'),(21,'0','172974','1515726'),(22,'0','142','1515726'),(23,'0','12000','459980'),(24,'310000','0','12000'),(25,'310000','0','12794000'),(30,'0',NULL,'12000'),(31,'0','142','1515726'),(32,'0','142','1515726'),(33,'0','-750000','750000'),(34,'310000','0','13104000'),(35,'310000','0','12794000'),(40,'0',NULL,'12000'),(41,'0','0','2450000'),(42,'0','-1900000','400000'),(50,'0',NULL,'1000'),(51,'0','2000','3000000'),(52,'0','8000','4000'),(53,'0','7000','2550000'),(54,'0',NULL,'6000'),(120,NULL,NULL,'12000'),(121,'0',NULL,'1515726'),(122,'0','142','1515726'),(123,'0',NULL,'750000'),(124,'310000',NULL,'0'),(125,'310000','0','23000'),(130,'0',NULL,'1000'),(131,'0','142','1515726'),(132,'0','142','1515726'),(133,'0','-750000','750000'),(134,'310000','12794000',NULL),(135,'310000','0','12794000'),(150,'327000','4000','4000'),(151,'93000','0','1000'),(152,'208000','0','3000'),(153,'321000','1000','4000');
/*!40000 ALTER TABLE `offset` ENABLE KEYS */;
UNLOCK TABLES;

--
-- Table structure for table `operador`
--

DROP TABLE IF EXISTS `operador`;
/*!40101 SET @saved_cs_client     = @@character_set_client */;
/*!40101 SET character_set_client = utf8 */;
CREATE TABLE `operador` (
  `idoperardor` int(11) NOT NULL AUTO_INCREMENT,
  `nombre` varchar(150) DEFAULT NULL,
  PRIMARY KEY (`idoperardor`)
) ENGINE=InnoDB AUTO_INCREMENT=9 DEFAULT CHARSET=latin1;
/*!40101 SET character_set_client = @saved_cs_client */;

--
-- Dumping data for table `operador`
--

LOCK TABLES `operador` WRITE;
/*!40000 ALTER TABLE `operador` DISABLE KEYS */;
/*!40000 ALTER TABLE `operador` ENABLE KEYS */;
UNLOCK TABLES;

--
-- Table structure for table `orden`
--

DROP TABLE IF EXISTS `orden`;
/*!40101 SET @saved_cs_client     = @@character_set_client */;
/*!40101 SET character_set_client = utf8 */;
CREATE TABLE `orden` (
  `idorden` int(11) NOT NULL AUTO_INCREMENT,
  `numeroPiezas` varchar(45) DEFAULT NULL,
  `estatus` varchar(45) DEFAULT NULL,
  `caja_idcaja` int(11) NOT NULL,
  `operador_idoperardor` int(11) NOT NULL,
  `cliente_idcliente` int(11) NOT NULL,
  `fecha` varchar(45) DEFAULT NULL,
  PRIMARY KEY (`idorden`),
  KEY `fk_orden_caja1` (`caja_idcaja`),
  KEY `fk_orden_operador1` (`operador_idoperardor`),
  KEY `fk_orden_cliente1` (`cliente_idcliente`),
  CONSTRAINT `fk_orden_caja1` FOREIGN KEY (`caja_idcaja`) REFERENCES `caja` (`idcaja`) ON DELETE CASCADE ON UPDATE CASCADE,
  CONSTRAINT `fk_orden_cliente1` FOREIGN KEY (`cliente_idcliente`) REFERENCES `cliente` (`idcliente`) ON DELETE CASCADE ON UPDATE CASCADE,
  CONSTRAINT `fk_orden_operador1` FOREIGN KEY (`operador_idoperardor`) REFERENCES `operador` (`idoperardor`) ON DELETE CASCADE ON UPDATE CASCADE
) ENGINE=InnoDB AUTO_INCREMENT=14 DEFAULT CHARSET=latin1;
/*!40101 SET character_set_client = @saved_cs_client */;

--
-- Dumping data for table `orden`
--

LOCK TABLES `orden` WRITE;
/*!40000 ALTER TABLE `orden` DISABLE KEYS */;
/*!40000 ALTER TABLE `orden` ENABLE KEYS */;
UNLOCK TABLES;

--
-- Table structure for table `resistencia`
--

DROP TABLE IF EXISTS `resistencia`;
/*!40101 SET @saved_cs_client     = @@character_set_client */;
/*!40101 SET character_set_client = utf8 */;
CREATE TABLE `resistencia` (
  `idResistencia` int(11) NOT NULL AUTO_INCREMENT,
  `nombre` varchar(25) DEFAULT '0',
  `espesor` varchar(5) DEFAULT '0',
  `compensancion_FE` varchar(5) DEFAULT '0',
  `compensancion_PR1` varchar(5) DEFAULT '0',
  `compensancion_PR2` varchar(5) DEFAULT '0',
  `compensancion_PR3` varchar(5) DEFAULT '0',
  `compensancion_PR4` varchar(5) DEFAULT '0',
  `compensacion_DC` varchar(5) DEFAULT '0',
  `compensacion_SL` varchar(5) DEFAULT '0',
  PRIMARY KEY (`idResistencia`)
) ENGINE=InnoDB AUTO_INCREMENT=9 DEFAULT CHARSET=latin1 COMMENT='	';
/*!40101 SET character_set_client = @saved_cs_client */;

--
-- Dumping data for table `resistencia`
--

LOCK TABLES `resistencia` WRITE;
/*!40000 ALTER TABLE `resistencia` DISABLE KEYS */;
/*!40000 ALTER TABLE `resistencia` ENABLE KEYS */;
UNLOCK TABLES;

--
-- Table structure for table `sysparams`
--

DROP TABLE IF EXISTS `sysparams`;
/*!40101 SET @saved_cs_client     = @@character_set_client */;
/*!40101 SET character_set_client = utf8 */;
CREATE TABLE `sysparams` (
  `id` int(11) NOT NULL AUTO_INCREMENT,
  `name` varchar(45) NOT NULL,
  `value` varchar(45) NOT NULL,
  PRIMARY KEY (`id`),
  UNIQUE KEY `name_UNIQUE` (`name`)
) ENGINE=InnoDB AUTO_INCREMENT=13 DEFAULT CHARSET=latin1;
/*!40101 SET character_set_client = @saved_cs_client */;

--
-- Dumping data for table `sysparams`
--

LOCK TABLES `sysparams` WRITE;
/*!40000 ALTER TABLE `sysparams` DISABLE KEYS */;
INSERT INTO `sysparams` VALUES (1,'40ms.pressure.protection','-1061616'),(2,'R12_15','-15011.00'),(3,'R13_16','-15014.00'),(4,'R15_12','12012.00'),(5,'R16_13','15015.00'),(6,'R150_151','-21757.00'),(7,'R151_150','21758.00'),(8,'R152_153','11359.00'),(9,'R153_152','-11350.00'),(10,'INTROFAC','1.04614'),(11,'RANFAC','1.00011'),(12,'MAXSYNC_DRIVES','5');
/*!40000 ALTER TABLE `sysparams` ENABLE KEYS */;
UNLOCK TABLES;

--
-- Table structure for table `tags`
--

DROP TABLE IF EXISTS `tags`;
/*!40101 SET @saved_cs_client     = @@character_set_client */;
/*!40101 SET character_set_client = utf8 */;
CREATE TABLE `tags` (
  `handle` int(11) NOT NULL,
  `name` varchar(150) DEFAULT NULL,
  `w` tinyint(1) DEFAULT NULL,
  `offset_id` int(11) NOT NULL DEFAULT '0',
  `status` int(11) DEFAULT NULL,
  `limitof` int(11) DEFAULT NULL,
  PRIMARY KEY (`handle`),
  UNIQUE KEY `name_UNIQUE` (`name`)
) ENGINE=InnoDB DEFAULT CHARSET=latin1;
/*!40101 SET character_set_client = @saved_cs_client */;

--
-- Dumping data for table `tags`
--

LOCK TABLES `tags` WRITE;
/*!40000 ALTER TABLE `tags` DISABLE KEYS */;
INSERT INTO `tags` VALUES (0,'',0,0,0,NULL),(1,'LENZE.20MS.APOS',0,20,0,NULL),(2,'LENZE.30MS.APOS',0,30,0,NULL),(3,'LENZE.120MS.APOS',0,120,0,NULL),(4,'LENZE.130MS.APOS',0,130,0,NULL),(5,'LENZE.40MS.APOS',0,40,0,NULL),(6,'LENZE.50MS.APOS',0,50,0,0),(7,'LENZE.20MS.DESP',0,20,0,NULL),(8,'LENZE.30MS.DESP',0,30,0,NULL),(9,'LENZE.120MS.DESP',0,120,0,NULL),(10,'LENZE.130MS.DESP',0,130,0,NULL),(11,'LENZE.40MS.DESP',0,40,0,NULL),(12,'LENZE.50MS.DESP',0,50,0,NULL),(13,'LENZE.20MS.EN_DESP',0,20,0,NULL),(14,'LENZE.30MS.EN_DESP',0,30,0,NULL),(15,'LENZE.120MS.EN_DESP',0,120,0,NULL),(16,'LENZE.130MS.EN_DESP',0,130,0,NULL),(17,'LENZE.40MS.EN_DESP',0,40,0,NULL),(18,'LENZE.50MS.EN_DESP',0,50,0,NULL),(19,'LENZE.20MS.ALARMA_CODE',0,20,0,NULL),(20,'LENZE.30MS.ALARMA_CODE',0,30,0,NULL),(21,'LENZE.120MS.ALARMA_CODE',0,120,0,NULL),(22,'LENZE.130MS.ALARMA_CODE',0,130,0,NULL),(23,'LENZE.40MS.ALARMA_CODE',0,40,0,NULL),(24,'LENZE.50MS.ALARMA_CODE',0,50,0,NULL),(25,'LENZE.12MS.EN_DESP',0,12,0,NULL),(26,'LENZE.13MS.EN_DESP',0,13,0,NULL),(27,'LENZE.14MS.EN_DESP',0,14,0,NULL),(28,'LENZE.15MS.EN_DESP',0,15,0,NULL),(29,'LENZE.16MS.EN_DESP',0,16,0,NULL),(30,'LENZE.50MS.ALARMA_RESET',0,50,0,NULL),(35,'LENZE.12MS.LM_N',0,12,0,NULL),(36,'LENZE.13MS.LM_N',0,13,0,NULL),(37,'LENZE.15MS.LM_P',0,15,0,NULL),(38,'LENZE.16MS.LM_P',0,16,0,NULL),(39,'LENZE.12MS.ALARMA_CODE',0,12,0,NULL),(40,'LENZE.13MS.ALARMA_CODE',0,13,0,NULL),(41,'LENZE.15MS.ALARMA_CODE',0,15,0,NULL),(42,'LENZE.16MS.ALARMA_CODE',0,16,0,NULL),(43,'LENZE.14MS.ALARMA_CODE',0,14,0,NULL),(44,'LENZE.21MS.ALARMA_CODE',0,21,0,NULL),(45,'LENZE.22MS.ALARMA_CODE',0,22,0,NULL),(46,'LENZE.23MS.ALARMA_CODE',0,23,0,NULL),(47,'LENZE.24MS.ALARMA_CODE',0,24,0,NULL),(48,'LENZE.25MS.ALARMA_CODE',0,25,0,NULL),(49,'LENZE.31MS.ALARMA_CODE',0,31,0,NULL),(50,'LENZE.32MS.ALARMA_CODE',0,32,0,NULL),(51,'LENZE.33MS.ALARMA_CODE',0,33,0,NULL),(52,'LENZE.34MS.ALARMA_CODE',0,34,0,NULL),(53,'LENZE.35MS.ALARMA_CODE',0,35,0,NULL),(54,'LENZE.121MS.ALARMA_CODE',0,121,0,NULL),(55,'LENZE.122MS.ALARMA_CODE',0,122,0,NULL),(56,'LENZE.123MS.ALARMA_CODE',0,123,0,NULL),(57,'LENZE.124MS.ALARMA_CODE',0,124,0,NULL),(58,'LENZE.125MS.ALARMA_CODE',0,125,0,NULL),(59,'LENZE.131MS.ALARMA_CODE',0,131,0,NULL),(60,'LENZE.132MS.ALARMA_CODE',0,132,0,NULL),(61,'LENZE.133MS.ALARMA_CODE',0,133,0,NULL),(62,'LENZE.134MS.ALARMA_CODE',0,134,0,NULL),(63,'LENZE.135MS.ALARMA_CODE',0,135,0,NULL),(64,'LENZE.41MS.ALARMA_CODE',0,41,0,NULL),(65,'LENZE.42MS.ALARMA_CODE',0,42,0,NULL),(66,'LENZE.51MS.ALARMA_CODE',0,51,0,NULL),(67,'LENZE.52MS.ALARMA_CODE',0,52,0,NULL),(68,'LENZE.53MS.ALARMA_CODE',0,53,0,NULL),(69,'LENZE.54MS.ALARMA_CODE',0,54,0,NULL),(70,'LENZE.150MS.ALARMA_CODE',0,150,0,NULL),(71,'LENZE.151MS.ALARMA_CODE',0,151,0,NULL),(72,'LENZE.152MS.ALARMA_CODE',0,152,0,NULL),(73,'LENZE.153MS.ALARMA_CODE',0,153,0,NULL),(74,'LENZE.10MS.DESP',0,10,0,NULL),(75,'LENZE.10MS.EN_DESP',0,10,0,NULL),(76,'LENZE.11MS.DESP',0,11,0,NULL),(77,'LENZE.11MS.EN_DESP',0,11,0,NULL),(78,'LENZE.21MS.DESP',0,21,5,NULL),(79,'LENZE.21MS.EN_DESP',0,21,0,NULL),(80,'LENZE.22MS.DESP',0,22,5,NULL),(81,'LENZE.22MS.EN_DESP',0,22,0,NULL),(82,'LENZE.23MS.DESP',0,23,0,NULL),(83,'LENZE.23MS.EN_DESP',0,23,0,NULL),(84,'LENZE.24MS.DESP',0,24,0,NULL),(85,'LENZE.24MS.EN_DESP',0,24,0,NULL),(86,'LENZE.25MS.DESP',0,25,0,NULL),(87,'LENZE.25MS.EN_DESP',0,25,0,NULL),(88,'LENZE.31MS.DESP',0,31,5,NULL),(89,'LENZE.31MS.EN_DESP',0,31,0,NULL),(90,'LENZE.32MS.DESP',0,32,5,NULL),(91,'LENZE.32MS.EN_DESP',0,32,0,NULL),(92,'LENZE.33MS.DESP',0,33,0,NULL),(93,'LENZE.33MS.EN_DESP',0,33,0,NULL),(94,'LENZE.34MS.DESP',0,34,0,NULL),(95,'LENZE.34MS.EN_DESP',0,34,0,NULL),(96,'LENZE.35MS.DESP',0,35,0,NULL),(97,'LENZE.35MS.EN_DESP',0,35,0,NULL),(98,'LENZE.121MS.DESP',0,121,5,NULL),(99,'LENZE.121MS.EN_DESP',0,121,0,NULL),(100,'LENZE.122MS.DESP',0,122,5,NULL),(101,'LENZE.122MS.EN_DESP',0,122,0,NULL),(102,'LENZE.123MS.DESP',0,123,0,NULL),(103,'LENZE.123MS.EN_DESP',0,123,0,NULL),(104,'LENZE.124MS.DESP',0,124,0,NULL),(105,'LENZE.124MS.EN_DESP',0,124,0,NULL),(106,'LENZE.125MS.DESP',0,125,0,NULL),(107,'LENZE.125MS.EN_DESP',0,125,0,NULL),(108,'LENZE.131MS.DESP',0,131,5,NULL),(109,'LENZE.131MS.EN_DESP',0,131,0,NULL),(110,'LENZE.132MS.DESP',0,132,5,NULL),(111,'LENZE.132MS.EN_DESP',0,132,0,NULL),(112,'LENZE.133MS.DESP',0,133,0,NULL),(113,'LENZE.133MS.EN_DESP',0,133,0,NULL),(114,'LENZE.134MS.DESP',0,134,0,NULL),(115,'LENZE.134MS.EN_DESP',0,134,0,NULL),(116,'LENZE.135MS.DESP',0,135,0,NULL),(117,'LENZE.135MS.EN_DESP',0,135,0,NULL),(118,'LENZE.41MS.DESP',0,41,6,NULL),(119,'LENZE.41MS.EN_DESP',0,41,0,NULL),(120,'LENZE.42MS.DESP',0,42,7,NULL),(121,'LENZE.42MS.EN_DESP',0,42,0,NULL),(122,'LENZE.51MS.DESP',0,51,8,NULL),(123,'LENZE.51MS.EN_DESP',0,51,0,NULL),(124,'LENZE.52MS.DESP',0,52,8,NULL),(125,'LENZE.52MS.EN_DESP',0,52,0,NULL),(126,'LENZE.53MS.DESP',0,53,9,NULL),(127,'LENZE.53MS.EN_DESP',0,53,0,NULL),(128,'LENZE.54MS.DESP',0,54,9,NULL),(129,'LENZE.54MS.EN_DESP',0,54,0,NULL),(130,'LENZE.150MS.DESP',0,150,10,NULL),(131,'LENZE.150MS.EN_DESP',0,150,0,NULL),(132,'LENZE.151MS.DESP',0,151,10,NULL),(133,'LENZE.151MS.EN_DESP',0,151,0,NULL),(134,'LENZE.152MS.DESP',0,152,10,NULL),(135,'LENZE.152MS.EN_DESP',0,152,0,NULL),(136,'LENZE.153MS.DESP',0,153,10,NULL),(137,'LENZE.153MS.EN_DESP',0,153,0,NULL),(147,'LENZE.10MS.LM_P',0,10,0,NULL),(148,'LENZE.10MS.LM_N',0,10,0,NULL),(149,'LENZE.11MS.LM_P',0,11,0,NULL),(150,'LENZE.11MS.LM_N',0,11,0,NULL),(151,'LENZE.12MS.LM_P',0,12,0,NULL),(152,'LENZE.13MS.LM_P',0,13,0,NULL),(153,'LENZE.14MS.LM_P',0,14,4,NULL),(154,'LENZE.14MS.LM_N',0,14,4,NULL),(155,'LENZE.15MS.LM_N',0,15,0,NULL),(156,'LENZE.16MS.LM_N',0,16,0,NULL),(157,'LENZE.10MS.APOS',0,10,0,NULL),(158,'LENZE.11MS.APOS',0,11,0,NULL),(159,'LENZE.12MS.APOS',0,12,0,15),(160,'LENZE.13MS.APOS',0,13,0,16),(161,'LENZE.14MS.APOS',0,14,4,NULL),(162,'LENZE.15MS.APOS',0,15,0,-12),(163,'LENZE.16MS.APOS',0,16,0,-13),(164,'LENZE.21MS.APOS',0,21,5,NULL),(165,'LENZE.22MS.APOS',0,22,5,NULL),(166,'LENZE.23MS.APOS',0,23,0,NULL),(167,'LENZE.24MS.APOS',0,24,0,NULL),(168,'LENZE.25MS.APOS',0,25,0,NULL),(169,'LENZE.31MS.APOS',0,31,5,NULL),(170,'LENZE.32MS.APOS',0,32,5,NULL),(171,'LENZE.33MS.APOS',0,33,0,NULL),(172,'LENZE.34MS.APOS',0,34,0,NULL),(173,'LENZE.35MS.APOS',0,35,0,NULL),(174,'LENZE.121MS.APOS',0,121,5,NULL),(175,'LENZE.122MS.APOS',0,122,5,NULL),(176,'LENZE.123MS.APOS',0,123,0,NULL),(177,'LENZE.124MS.APOS',0,124,0,NULL),(178,'LENZE.125MS.APOS',0,125,0,NULL),(179,'LENZE.131MS.APOS',0,131,5,NULL),(180,'LENZE.132MS.APOS',0,132,5,NULL),(181,'LENZE.133MS.APOS',0,133,0,NULL),(182,'LENZE.134MS.APOS',0,134,0,NULL),(183,'LENZE.135MS.APOS',0,135,0,NULL),(184,'LENZE.41MS.APOS',0,41,6,NULL),(185,'LENZE.42MS.APOS',0,42,7,NULL),(186,'LENZE.51MS.APOS',0,51,8,0),(187,'LENZE.52MS.APOS',0,52,8,0),(188,'LENZE.53MS.APOS',0,53,9,0),(189,'LENZE.150MS.APOS',0,150,10,151),(190,'LENZE.151MS.APOS',0,151,10,-150),(191,'LENZE.152MS.APOS',0,152,10,-153),(192,'LENZE.153MS.APOS',0,153,10,152),(193,'LENZE.54MS.APOS',0,54,9,NULL),(194,'LENZE.21MS.LM_P',0,21,5,NULL),(195,'LENZE.21MS.LM_N',0,21,5,NULL),(196,'LENZE.22MS.LM_P',0,22,5,NULL),(197,'LENZE.22MS.LM_N',0,22,5,NULL),(198,'LENZE.23MS.LM_P',0,23,0,NULL),(199,'LENZE.23MS.LM_N',0,23,0,NULL),(200,'LENZE.24MS.LM_P',0,24,0,NULL),(201,'LENZE.24MS.LM_N',0,24,0,NULL),(202,'LENZE.25MS.LM_P',0,25,0,NULL),(203,'LENZE.25MS.LM_N',0,25,0,NULL),(204,'LENZE.31MS.LM_P',0,31,5,NULL),(205,'LENZE.31MS.LM_N',0,31,5,NULL),(206,'LENZE.32MS.LM_P',0,32,5,NULL),(207,'LENZE.32MS.LM_N',0,32,5,NULL),(208,'LENZE.33MS.LM_P',0,33,0,NULL),(209,'LENZE.33MS.LM_N',0,33,0,NULL),(210,'LENZE.34MS.LM_P',0,34,0,NULL),(211,'LENZE.34MS.LM_N',0,34,0,NULL),(212,'LENZE.35MS.LM_P',0,35,0,NULL),(213,'LENZE.35MS.LM_N',0,35,0,NULL),(214,'LENZE.121MS.LM_P',0,121,5,NULL),(215,'LENZE.121MS.LM_N',0,121,5,NULL),(216,'LENZE.122MS.LM_P',0,122,5,NULL),(217,'LENZE.122MS.LM_N',0,122,5,NULL),(218,'LENZE.123MS.LM_P',0,123,0,NULL),(219,'LENZE.123MS.LM_N',0,123,0,NULL),(220,'LENZE.124MS.LM_P',0,124,0,NULL),(221,'LENZE.124MS.LM_N',0,124,0,NULL),(222,'LENZE.125MS.LM_P',0,125,0,NULL),(223,'LENZE.125MS.LM_N',0,125,0,NULL),(224,'LENZE.131MS.LM_P',0,131,5,NULL),(225,'LENZE.131MS.LM_N',0,131,5,NULL),(226,'LENZE.132MS.LM_P',0,132,5,NULL),(227,'LENZE.132MS.LM_N',0,132,5,NULL),(228,'LENZE.133MS.LM_P',0,133,0,NULL),(229,'LENZE.133MS.LM_N',0,133,0,NULL),(230,'LENZE.134MS.LM_P',0,134,0,NULL),(231,'LENZE.134MS.LM_N',0,134,0,NULL),(232,'LENZE.135MS.LM_P',0,135,0,NULL),(233,'LENZE.135MS.LM_N',0,135,0,NULL),(234,'LENZE.41MS.LM_P',0,41,6,NULL),(235,'LENZE.41MS.LM_N',0,41,6,NULL),(236,'LENZE.42MS.LM_P',0,42,7,NULL),(237,'LENZE.42MS.LM_N',0,42,7,NULL),(238,'LENZE.51MS.LM_P',0,51,8,NULL),(239,'LENZE.51MS.LM_N',0,51,8,NULL),(240,'LENZE.52MS.LM_P',0,52,8,NULL),(241,'LENZE.52MS.LM_N',0,52,8,NULL),(242,'LENZE.53MS.LM_P',0,53,9,NULL),(243,'LENZE.53MS.LM_N',0,53,9,NULL),(244,'LENZE.54MS.LM_P',0,54,9,NULL),(245,'LENZE.54MS.LM_N',0,54,9,NULL),(246,'LENZE.150MS.LM_P',0,150,10,NULL),(247,'LENZE.150MS.LM_N',0,150,10,NULL),(248,'LENZE.151MS.LM_P',0,151,10,NULL),(249,'LENZE.151MS.LM_N',0,151,10,NULL),(250,'LENZE.152MS.LM_P',0,152,10,NULL),(251,'LENZE.152MS.LM_N',0,152,10,NULL),(252,'LENZE.153MS.LM_P',0,153,10,NULL),(253,'LENZE.153MS.LM_N',0,153,10,NULL),(254,'LENZE.20MS.LM_P',0,20,0,NULL),(255,'LENZE.30MS.LM_P',0,30,0,NULL),(256,'LENZE.120MS.LM_P',0,120,0,NULL),(257,'LENZE.130MS.LM_P',0,130,0,NULL),(258,'LENZE.40MS.LM_P',0,40,0,NULL),(259,'LENZE.50MS.LM_P',0,50,0,NULL),(260,'LENZE.10MS.HOMMINING',0,10,0,NULL),(261,'LENZE.11MS.HOMMINING',0,11,0,NULL),(262,'LENZE.12MS.HOMMINING',0,12,0,NULL),(263,'LENZE.13MS.HOMMINING',0,13,0,NULL),(264,'LENZE.14MS.HOMMINING',0,14,0,NULL),(265,'LENZE.15MS.HOMMINING',0,15,0,NULL),(266,'LENZE.16MS.HOMMINING',0,16,0,NULL),(267,'LENZE.20MS.HOMMINING',0,20,0,NULL),(268,'LENZE.21MS.HOMMINING',0,21,0,NULL),(269,'LENZE.22MS.HOMMINING',0,22,0,NULL),(270,'LENZE.23MS.HOMMINING',0,23,0,NULL),(271,'LENZE.24MS.HOMMINING',0,24,0,NULL),(272,'LENZE.25MS.HOMMINING',0,25,0,NULL),(273,'LENZE.30MS.HOMMINING',0,30,0,NULL),(274,'LENZE.31MS.HOMMINING',0,31,0,NULL),(275,'LENZE.32MS.HOMMINING',0,32,0,NULL),(276,'LENZE.33MS.HOMMINING',0,33,0,NULL),(277,'LENZE.34MS.HOMMINING',0,34,0,NULL),(278,'LENZE.35MS.HOMMINING',0,35,0,NULL),(279,'LENZE.40MS.HOMMINING',0,40,0,NULL),(280,'LENZE.41MS.HOMMINING',0,41,0,NULL),(281,'LENZE.42MS.HOMMINING',0,42,0,NULL),(282,'LENZE.120MS.HOMMINING',0,120,0,NULL),(283,'LENZE.121MS.HOMMINING',0,121,0,NULL),(284,'LENZE.122MS.HOMMINING',0,122,0,NULL),(285,'LENZE.123MS.HOMMINING',0,123,0,NULL),(286,'LENZE.124MS.HOMMINING',0,124,0,NULL),(287,'LENZE.125MS.HOMMINING',0,125,0,NULL),(288,'LENZE.130MS.HOMMINING',0,130,0,NULL),(289,'LENZE.131MS.HOMMINING',0,131,0,NULL),(290,'LENZE.132MS.HOMMINING',0,132,0,NULL),(291,'LENZE.133MS.HOMMINING',0,133,0,NULL),(292,'LENZE.134MS.HOMMINING',0,134,0,NULL),(293,'LENZE.135MS.HOMMINING',0,135,0,NULL),(294,'LENZE.50MS.HOMMINING',0,50,0,NULL),(295,'LENZE.51MS.HOMMINING',0,51,0,NULL),(296,'LENZE.52MS.HOMMINING',0,52,0,NULL),(297,'LENZE.53MS.HOMMINING',0,53,0,NULL),(298,'LENZE.54MS.HOMMINING',0,54,0,NULL),(299,'LENZE.150MS.HOMMINING',0,150,0,NULL),(300,'LENZE.151MS.HOMMINING',0,151,0,NULL),(301,'LENZE.152MS.HOMMINING',0,152,0,NULL),(302,'LENZE.153MS.HOMMINING',0,153,0,NULL),(303,'LENZE.12MS.HA',0,12,0,NULL),(304,'LENZE.13MS.HA',0,13,0,NULL),(305,'LENZE.15MS.HA',0,15,0,NULL),(306,'LENZE.16MS.HA',0,16,0,NULL),(307,'LENZE.20MS.HA',0,20,0,NULL),(308,'LENZE.30MS.HA',0,30,0,NULL),(309,'LENZE.120MS.HA',0,120,0,NULL),(310,'LENZE.130MS.HA',0,130,0,NULL),(311,'LENZE.40MS.HA',0,40,0,NULL),(312,'LENZE.50MS.HA',0,50,0,NULL),(313,'LENZE.150MS.HA',0,150,0,NULL),(314,'LENZE.151MS.HA',0,151,0,NULL),(315,'LENZE.152MS.HA',0,152,0,NULL),(316,'LENZE.153MS.HA',0,153,0,NULL),(317,'LENZE.10MS.FACTOR',0,10,0,NULL),(318,'LENZE.11MS.FACTOR',0,11,0,NULL),(319,'LENZE.12MS.FACTOR',0,12,0,NULL),(320,'LENZE.13MS.FACTOR',0,13,0,NULL),(321,'LENZE.14MS.FACTOR',0,14,0,NULL),(322,'LENZE.15MS.FACTOR',0,15,0,NULL),(323,'LENZE.16MS.FACTOR',0,16,0,NULL),(324,'LENZE.20MS.FACTOR',0,20,0,NULL),(325,'LENZE.21MS.FACTOR',0,21,0,NULL),(326,'LENZE.22MS.FACTOR',0,22,0,NULL),(327,'LENZE.23MS.FACTOR',0,23,0,NULL),(328,'LENZE.24MS.FACTOR',0,24,0,NULL),(329,'LENZE.25MS.FACTOR',0,25,0,NULL),(330,'LENZE.30MS.FACTOR',0,30,0,NULL),(331,'LENZE.31MS.FACTOR',0,31,0,NULL),(332,'LENZE.32MS.FACTOR',0,32,0,NULL),(333,'LENZE.33MS.FACTOR',0,33,0,NULL),(334,'LENZE.34MS.FACTOR',0,34,0,NULL),(335,'LENZE.35MS.FACTOR',0,35,0,NULL),(336,'LENZE.40MS.FACTOR',0,40,0,NULL),(337,'LENZE.41MS.FACTOR',0,41,0,NULL),(338,'LENZE.42MS.FACTOR',0,42,0,NULL),(339,'LENZE.120MS.FACTOR',0,120,0,NULL),(340,'LENZE.121MS.FACTOR',0,121,0,NULL),(341,'LENZE.122MS.FACTOR',0,122,0,NULL),(342,'LENZE.123MS.FACTOR',0,123,0,NULL),(343,'LENZE.124MS.FACTOR',0,124,0,NULL),(344,'LENZE.125MS.FACTOR',0,125,0,NULL),(345,'LENZE.130MS.FACTOR',0,130,0,NULL),(346,'LENZE.131MS.FACTOR',0,131,0,NULL),(347,'LENZE.132MS.FACTOR',0,132,0,NULL),(348,'LENZE.133MS.FACTOR',0,133,0,NULL),(349,'LENZE.134MS.FACTOR',0,134,0,NULL),(350,'LENZE.135MS.FACTOR',0,135,0,NULL),(351,'LENZE.50MS.FACTOR',0,50,0,NULL),(352,'LENZE.51MS.FACTOR',0,51,0,NULL),(353,'LENZE.52MS.FACTOR',0,52,0,NULL),(354,'LENZE.53MS.FACTOR',0,53,0,NULL),(355,'LENZE.54MS.FACTOR',0,54,0,NULL),(356,'LENZE.150MS.FACTOR',0,150,0,NULL),(357,'LENZE.151MS.FACTOR',0,151,0,NULL),(358,'LENZE.152MS.FACTOR',0,152,0,NULL),(359,'LENZE.153MS.FACTOR',0,153,0,NULL),(360,'LENZE.10MS.EN_FAC',0,10,0,NULL),(361,'LENZE.11MS.EN_FAC',0,11,0,NULL),(362,'LENZE.12MS.EN_FAC',0,12,0,NULL),(363,'LENZE.13MS.EN_FAC',0,13,0,NULL),(364,'LENZE.14MS.EN_FAC',0,14,0,NULL),(365,'LENZE.15MS.EN_FAC',0,15,0,NULL),(366,'LENZE.16MS.EN_FAC',0,16,0,NULL),(367,'LENZE.20MS.EN_FAC',0,20,0,NULL),(368,'LENZE.21MS.EN_FAC',0,21,0,NULL),(369,'LENZE.22MS.EN_FAC',0,22,0,NULL),(370,'LENZE.23MS.EN_FAC',0,23,0,NULL),(371,'LENZE.24MS.EN_FAC',0,24,0,NULL),(372,'LENZE.25MS.EN_FAC',0,25,0,NULL),(373,'LENZE.30MS.EN_FAC',0,30,0,NULL),(374,'LENZE.31MS.EN_FAC',0,31,0,NULL),(375,'LENZE.32MS.EN_FAC',0,32,0,NULL),(376,'LENZE.33MS.EN_FAC',0,33,0,NULL),(377,'LENZE.34MS.EN_FAC',0,34,0,NULL),(378,'LENZE.35MS.EN_FAC',0,35,0,NULL),(379,'LENZE.40MS.EN_FAC',0,40,0,NULL),(380,'LENZE.41MS.EN_FAC',0,41,0,NULL),(381,'LENZE.42MS.EN_FAC',0,42,0,NULL),(382,'LENZE.120MS.EN_FAC',0,120,0,NULL),(383,'LENZE.121MS.EN_FAC',0,121,0,NULL),(384,'LENZE.122MS.EN_FAC',0,122,0,NULL),(385,'LENZE.123MS.EN_FAC',0,123,0,NULL),(386,'LENZE.124MS.EN_FAC',0,124,0,NULL),(387,'LENZE.125MS.EN_FAC',0,125,0,NULL),(388,'LENZE.130MS.EN_FAC',0,130,0,NULL),(389,'LENZE.131MS.EN_FAC',0,131,0,NULL),(390,'LENZE.132MS.EN_FAC',0,132,0,NULL),(391,'LENZE.133MS.EN_FAC',0,133,0,NULL),(392,'LENZE.134MS.EN_FAC',0,134,0,NULL),(393,'LENZE.135MS.EN_FAC',0,135,0,NULL),(394,'LENZE.50MS.EN_FAC',0,50,0,NULL),(395,'LENZE.51MS.EN_FAC',0,51,0,NULL),(396,'LENZE.52MS.EN_FAC',0,52,0,NULL),(397,'LENZE.53MS.EN_FAC',0,53,0,NULL),(398,'LENZE.54MS.EN_FAC',0,54,0,NULL),(399,'LENZE.150MS.EN_FAC',0,150,0,NULL),(400,'LENZE.151MS.EN_FAC',0,151,0,NULL),(401,'LENZE.152MS.EN_FAC',0,152,0,NULL),(402,'LENZE.153MS.EN_FAC',0,153,0,NULL),(403,'LENZE.10MS.DESR',0,10,0,NULL),(404,'LENZE.11MS.DESR',0,11,0,NULL),(405,'LENZE.12MS.DESR',0,12,0,NULL),(406,'LENZE.13MS.DESR',0,13,0,NULL),(407,'LENZE.14MS.DESR',0,14,4,NULL),(408,'LENZE.15MS.DESR',0,15,0,NULL),(409,'LENZE.16MS.DESR',0,16,0,NULL),(410,'LENZE.20MS.DESR',0,20,0,NULL),(411,'LENZE.21MS.DESR',0,21,5,NULL),(412,'LENZE.22MS.DESR',0,22,5,NULL),(413,'LENZE.23MS.DESR',0,23,0,NULL),(414,'LENZE.24MS.DESR',0,24,0,NULL),(415,'LENZE.25MS.DESR',0,25,0,NULL),(416,'LENZE.30MS.DESR',0,30,0,NULL),(417,'LENZE.31MS.DESR',0,31,5,NULL),(418,'LENZE.32MS.DESR',0,32,5,NULL),(419,'LENZE.33MS.DESR',0,33,0,NULL),(420,'LENZE.34MS.DESR',0,34,0,NULL),(421,'LENZE.35MS.DESR',0,35,0,NULL),(422,'LENZE.40MS.DESR',0,40,0,NULL),(423,'LENZE.41MS.DESR',0,41,6,NULL),(424,'LENZE.42MS.DESR',0,42,7,NULL),(425,'LENZE.120MS.DESR',0,120,0,NULL),(426,'LENZE.121MS.DESR',0,121,5,NULL),(427,'LENZE.122MS.DESR',0,122,5,NULL),(428,'LENZE.123MS.DESR',0,123,0,NULL),(429,'LENZE.124MS.DESR',0,124,0,NULL),(430,'LENZE.125MS.DESR',0,125,0,NULL),(431,'LENZE.130MS.DESR',0,130,0,NULL),(432,'LENZE.131MS.DESR',0,131,5,NULL),(433,'LENZE.132MS.DESR',0,132,5,NULL),(434,'LENZE.133MS.DESR',0,133,0,NULL),(435,'LENZE.134MS.DESR',0,134,0,NULL),(436,'LENZE.135MS.DESR',0,135,0,NULL),(437,'LENZE.50MS.DESR',0,50,0,NULL),(438,'LENZE.51MS.DESR',0,51,8,NULL),(439,'LENZE.52MS.DESR',0,52,8,NULL),(440,'LENZE.53MS.DESR',0,53,9,NULL),(441,'LENZE.54MS.DESR',0,54,9,NULL),(442,'LENZE.150MS.DESR',0,150,10,NULL),(443,'LENZE.151MS.DESR',0,151,10,NULL),(444,'LENZE.152MS.DESR',0,152,10,NULL),(445,'LENZE.153MS.DESR',0,153,10,NULL),(446,'LENZE.10MS.RF',0,10,0,NULL),(447,'LENZE.10MS.ALARMA_CODE',0,10,0,NULL),(448,'LENZE.10MS.ALARMA_RESET',0,10,0,NULL),(449,'LENZE.11MS.ALARMA_CODE',0,11,0,NULL),(450,'LENZE.11MS.ALARMA_RESET',0,11,0,NULL),(451,'LENZE.12MS.DESP',0,12,0,NULL),(452,'LENZE.13MS.DESP',0,13,0,NULL),(453,'LENZE.14MS.DESP',0,14,4,NULL),(454,'LENZE.15MS.DESP',0,15,0,NULL),(455,'LENZE.16MS.DESP',0,16,0,NULL);
/*!40000 ALTER TABLE `tags` ENABLE KEYS */;
UNLOCK TABLES;

--
-- Table structure for table `tcf`
--

DROP TABLE IF EXISTS `tcf`;
/*!40101 SET @saved_cs_client     = @@character_set_client */;
/*!40101 SET character_set_client = utf8 */;
CREATE TABLE `tcf` (
  `tags_handle` int(11) NOT NULL,
  `forms_id` int(11) NOT NULL,
  `controls_id` int(11) NOT NULL,
  PRIMARY KEY (`tags_handle`,`forms_id`,`controls_id`),
  KEY `fk_tags_has_forms_forms1_idx` (`forms_id`),
  KEY `fk_tags_has_forms_tags_idx` (`tags_handle`),
  KEY `fk_tags_has_forms_controls1_idx` (`controls_id`),
  CONSTRAINT `fk_tags_has_forms_controls1` FOREIGN KEY (`controls_id`) REFERENCES `controls` (`id`) ON DELETE NO ACTION ON UPDATE NO ACTION,
  CONSTRAINT `fk_tags_has_forms_forms1` FOREIGN KEY (`forms_id`) REFERENCES `forms` (`id`) ON DELETE NO ACTION ON UPDATE NO ACTION,
  CONSTRAINT `fk_tags_has_forms_tags` FOREIGN KEY (`tags_handle`) REFERENCES `tags` (`handle`) ON DELETE NO ACTION ON UPDATE NO ACTION
) ENGINE=InnoDB DEFAULT CHARSET=latin1;
/*!40101 SET character_set_client = @saved_cs_client */;

--
-- Dumping data for table `tcf`
--

LOCK TABLES `tcf` WRITE;
/*!40000 ALTER TABLE `tcf` DISABLE KEYS */;
INSERT INTO `tcf` VALUES (1,1,10),(1,1,302),(2,1,11),(2,1,331),(3,1,12),(3,1,361),(4,1,13),(4,1,391),(5,1,14),(5,1,421),(6,1,2),(6,1,451),(7,1,26),(8,1,25),(9,1,24),(10,1,23),(11,1,22),(12,1,21),(19,1,642),(20,1,642),(21,1,642),(22,1,642),(23,1,642),(24,1,642),(35,1,273),(36,1,272),(37,1,262),(38,1,261),(39,1,642),(40,1,642),(41,1,642),(42,1,642),(43,1,642),(44,1,642),(45,1,642),(46,1,642),(47,1,642),(48,1,642),(49,1,642),(50,1,642),(51,1,642),(52,1,642),(53,1,642),(54,1,642),(55,1,642),(56,1,642),(57,1,642),(58,1,642),(59,1,642),(60,1,642),(61,1,642),(62,1,642),(63,1,642),(64,1,642),(65,1,642),(66,1,642),(67,1,642),(68,1,642),(69,1,642),(70,1,642),(71,1,642),(72,1,642),(73,1,642),(147,1,268),(148,1,275),(149,1,266),(150,1,274),(151,1,265),(152,1,264),(153,1,263),(154,1,271),(155,1,270),(156,1,269),(157,1,295),(158,1,294),(159,1,293),(160,1,292),(161,1,291),(162,1,290),(163,1,260),(164,1,301),(165,1,300),(166,1,299),(167,1,298),(168,1,297),(169,1,324),(170,1,317),(171,1,310),(172,1,303),(173,1,296),(174,1,360),(175,1,359),(176,1,358),(177,1,357),(178,1,356),(179,1,390),(180,1,389),(181,1,388),(182,1,387),(183,1,386),(184,1,420),(185,1,419),(186,1,450),(187,1,449),(188,1,448),(189,1,447),(190,1,446),(191,1,417),(192,1,416),(193,1,435),(194,1,329),(195,1,322),(196,1,328),(197,1,321),(198,1,327),(199,1,320),(200,1,326),(201,1,319),(202,1,325),(203,1,318),(204,1,354),(205,1,348),(206,1,353),(207,1,347),(208,1,352),(209,1,346),(210,1,345),(211,1,351),(212,1,350),(213,1,344),(214,1,384),(215,1,378),(216,1,383),(217,1,377),(218,1,382),(219,1,376),(220,1,381),(221,1,375),(222,1,380),(223,1,374),(224,1,414),(225,1,408),(226,1,413),(227,1,407),(228,1,412),(229,1,406),(230,1,411),(231,1,405),(232,1,410),(233,1,404),(234,1,444),(235,1,438),(236,1,443),(237,1,437),(238,1,474),(239,1,468),(240,1,473),(241,1,467),(242,1,472),(243,1,466),(244,1,442),(245,1,441),(246,1,471),(247,1,465),(248,1,470),(249,1,464),(250,1,434),(251,1,429),(252,1,430),(253,1,428),(254,1,323),(255,1,349),(256,1,379),(257,1,409),(258,1,439),(259,1,469),(447,1,642),(449,1,642),(0,2,251),(0,2,252),(0,2,264),(0,2,265),(0,2,266),(0,2,267),(0,2,268),(0,2,269),(0,2,270),(0,2,271),(0,2,272),(0,2,273),(0,2,274),(0,2,275),(0,2,276),(0,2,278),(0,2,279),(0,2,293),(0,2,294),(0,2,295),(0,2,296),(0,2,297),(0,2,299),(0,2,300),(0,2,301),(0,2,302),(0,2,303),(0,2,305),(0,2,306),(0,2,320),(0,2,321),(0,2,322),(0,2,323),(0,2,324),(0,2,326),(0,2,327),(0,2,328),(0,2,329),(0,2,330),(0,2,332),(0,2,333),(0,2,347),(0,2,348),(0,2,349),(0,2,350),(0,2,351),(0,2,353),(0,2,354),(0,2,355),(0,2,356),(0,2,357),(0,2,359),(0,2,360),(0,2,374),(0,2,375),(0,2,376),(0,2,377),(0,2,378),(0,2,380),(0,2,381),(0,2,382),(0,2,383),(0,2,384),(0,2,403),(0,2,404),(0,2,405),(0,2,409),(0,2,410),(0,2,411),(0,2,440),(0,2,441),(0,2,447),(0,2,448),(0,2,449),(0,2,450),(0,2,458),(0,2,465),(0,2,466),(0,2,467),(0,2,468),(0,2,469),(0,2,470),(0,2,471),(0,2,472),(0,2,473),(0,2,474),(0,2,475),(0,2,482),(1,2,291),(2,2,318),(3,2,345),(4,2,372),(5,2,399),(6,2,458),(157,2,264),(158,2,263),(159,2,262),(160,2,261),(161,2,250),(162,2,260),(163,2,259),(164,2,290),(165,2,289),(166,2,288),(167,2,277),(168,2,287),(169,2,317),(170,2,316),(171,2,315),(172,2,304),(173,2,314),(174,2,344),(175,2,343),(176,2,342),(177,2,331),(178,2,341),(179,2,371),(180,2,370),(181,2,369),(182,2,358),(183,2,368),(184,2,398),(185,2,397),(186,2,457),(187,2,456),(188,2,455),(189,2,454),(190,2,453),(191,2,430),(192,2,429),(193,2,435),(260,2,513),(261,2,514),(262,2,515),(263,2,516),(264,2,517),(265,2,518),(266,2,519),(267,2,520),(268,2,521),(269,2,522),(270,2,523),(271,2,524),(272,2,525),(273,2,526),(274,2,527),(275,2,528),(276,2,529),(277,2,530),(278,2,531),(279,2,532),(280,2,533),(281,2,534),(282,2,535),(283,2,536),(284,2,537),(285,2,538),(286,2,539),(287,2,540),(288,2,541),(289,2,542),(290,2,543),(291,2,544),(292,2,545),(293,2,546),(294,2,547),(295,2,548),(296,2,549),(297,2,550),(298,2,551),(299,2,552),(300,2,553),(301,2,554),(302,2,555),(303,2,499),(304,2,500),(305,2,501),(306,2,502),(307,2,503),(308,2,504),(309,2,505),(310,2,506),(311,2,507),(312,2,508),(313,2,509),(314,2,510),(315,2,511),(316,2,512),(19,3,642),(20,3,642),(21,3,642),(22,3,642),(23,3,642),(24,3,642),(39,3,642),(40,3,642),(41,3,642),(42,3,642),(43,3,642),(44,3,642),(45,3,642),(46,3,642),(47,3,642),(48,3,642),(49,3,642),(50,3,642),(51,3,642),(52,3,642),(53,3,642),(54,3,642),(55,3,642),(56,3,642),(57,3,642),(58,3,642),(59,3,642),(60,3,642),(61,3,642),(62,3,642),(63,3,642),(64,3,642),(65,3,642),(66,3,642),(67,3,642),(68,3,642),(69,3,642),(70,3,642),(71,3,642),(72,3,642),(73,3,642),(0,7,1),(0,8,251),(0,8,252),(0,8,253),(0,8,254),(0,8,255),(0,8,256),(0,8,258),(0,8,259),(0,8,260),(0,8,261),(0,8,262),(0,8,263),(0,8,264),(0,8,265),(0,8,266),(0,8,267),(0,8,269),(0,8,270),(13,12,563),(14,12,569),(15,12,563),(16,12,581),(17,12,587),(18,12,590),(25,12,558),(26,12,559),(27,12,560),(28,12,561),(29,12,562),(75,12,556),(77,12,557),(79,12,564),(81,12,565),(83,12,566),(85,12,567),(87,12,568),(89,12,570),(91,12,571),(93,12,572),(95,12,573),(97,12,574),(99,12,576),(101,12,577),(103,12,578),(105,12,579),(107,12,580),(109,12,582),(111,12,583),(113,12,584),(115,12,585),(117,12,586),(119,12,588),(121,12,589),(123,12,591),(125,12,592),(127,12,593),(129,12,594),(131,12,595),(133,12,596),(135,12,597),(137,12,598),(317,12,273),(318,12,272),(319,12,271),(320,12,270),(321,12,253),(322,12,268),(323,12,262),(324,12,269),(325,12,267),(326,12,266),(327,12,265),(328,12,250),(329,12,264),(330,12,303),(331,12,302),(332,12,301),(333,12,300),(334,12,256),(335,12,299),(336,12,357),(337,12,356),(338,12,355),(339,12,321),(340,12,320),(341,12,319),(342,12,318),(343,12,259),(344,12,317),(345,12,339),(346,12,338),(347,12,337),(348,12,336),(349,12,263),(350,12,335),(351,12,458),(352,12,457),(353,12,456),(354,12,455),(355,12,435),(356,12,454),(357,12,453),(358,12,430),(359,12,429),(360,12,599),(361,12,600),(362,12,601),(363,12,602),(364,12,603),(365,12,604),(366,12,605),(367,12,606),(368,12,607),(369,12,608),(370,12,609),(371,12,610),(372,12,611),(373,12,612),(374,12,613),(375,12,614),(376,12,615),(377,12,616),(378,12,617),(379,12,630),(380,12,631),(381,12,632),(382,12,618),(383,12,619),(384,12,620),(385,12,621),(386,12,622),(387,12,623),(388,12,624),(389,12,625),(390,12,626),(391,12,627),(392,12,628),(393,12,629),(394,12,633),(395,12,634),(396,12,635),(397,12,636),(398,12,637),(399,12,638),(400,12,639),(401,12,640),(402,12,641),(0,13,1),(0,13,2),(0,13,3),(0,13,4),(0,13,5),(0,13,6),(0,13,7),(0,13,8),(0,13,9),(0,13,10),(0,13,11),(0,13,12),(0,14,1),(0,14,2),(0,14,4),(0,14,5),(0,14,6),(0,14,7),(0,14,8),(0,14,9),(0,16,1),(0,17,251),(0,17,252),(0,17,253),(0,17,254),(0,17,255),(0,17,256),(0,17,258),(0,17,259),(0,17,260),(0,17,261),(0,17,262),(0,17,263),(0,17,264),(0,17,265),(0,17,266),(0,17,267),(0,17,269),(0,17,270),(0,19,251),(0,19,252),(0,19,253),(0,19,254),(0,19,255),(0,19,256),(0,19,258),(0,19,259),(0,19,260),(0,19,261),(0,19,262),(0,19,263),(0,19,264),(0,19,265),(0,19,266),(0,19,267),(0,19,269),(0,19,270),(0,20,251),(0,20,252),(0,20,253),(0,20,254),(0,20,255),(0,20,256),(0,20,258),(0,20,259),(0,20,260),(0,20,261),(0,20,262),(0,20,263),(0,20,264),(0,20,265),(0,20,266),(0,20,267),(0,20,269),(0,20,270),(0,21,254),(0,21,255),(0,21,256),(0,21,261),(0,21,262),(0,21,263),(0,21,267),(0,21,269),(0,21,270);
/*!40000 ALTER TABLE `tcf` ENABLE KEYS */;
UNLOCK TABLES;

--
-- Table structure for table `tipocaja`
--

DROP TABLE IF EXISTS `tipocaja`;
/*!40101 SET @saved_cs_client     = @@character_set_client */;
/*!40101 SET character_set_client = utf8 */;
CREATE TABLE `tipocaja` (
  `idtipoCaja` int(11) NOT NULL,
  `nombre` varchar(45) DEFAULT NULL,
  PRIMARY KEY (`idtipoCaja`)
) ENGINE=InnoDB DEFAULT CHARSET=latin1;
/*!40101 SET character_set_client = @saved_cs_client */;

--
-- Dumping data for table `tipocaja`
--

LOCK TABLES `tipocaja` WRITE;
/*!40000 ALTER TABLE `tipocaja` DISABLE KEYS */;
/*!40000 ALTER TABLE `tipocaja` ENABLE KEYS */;
UNLOCK TABLES;

--
-- Table structure for table `valoresp`
--

DROP TABLE IF EXISTS `valoresp`;
/*!40101 SET @saved_cs_client     = @@character_set_client */;
/*!40101 SET character_set_client = utf8 */;
CREATE TABLE `valoresp` (
  `idValoresP` int(11) NOT NULL AUTO_INCREMENT,
  `P10` varchar(30) DEFAULT NULL,
  `P11` varchar(30) DEFAULT NULL,
  `P12` varchar(30) DEFAULT NULL,
  `P13` varchar(30) DEFAULT NULL,
  `P14` varchar(30) DEFAULT NULL,
  `P15` varchar(30) DEFAULT NULL,
  `P16` varchar(30) DEFAULT NULL,
  `P20` varchar(30) DEFAULT NULL,
  `P21` varchar(30) DEFAULT NULL,
  `P22` varchar(30) DEFAULT NULL,
  `P23` varchar(30) DEFAULT NULL,
  `P24` varchar(30) DEFAULT NULL,
  `P25` varchar(30) DEFAULT NULL,
  `P30` varchar(30) DEFAULT NULL,
  `P31` varchar(30) DEFAULT NULL,
  `P32` varchar(30) DEFAULT NULL,
  `P33` varchar(30) DEFAULT NULL,
  `P34` varchar(30) DEFAULT NULL,
  `P35` varchar(30) DEFAULT NULL,
  `P120` varchar(30) DEFAULT NULL,
  `P121` varchar(30) DEFAULT NULL,
  `P122` varchar(30) DEFAULT NULL,
  `P123` varchar(30) DEFAULT NULL,
  `P124` varchar(30) DEFAULT NULL,
  `P125` varchar(30) DEFAULT NULL,
  `P130` varchar(30) DEFAULT NULL,
  `P131` varchar(30) DEFAULT NULL,
  `P132` varchar(30) DEFAULT NULL,
  `P133` varchar(30) DEFAULT NULL,
  `P134` varchar(30) DEFAULT NULL,
  `P135` varchar(30) DEFAULT NULL,
  `P40` varchar(30) DEFAULT NULL,
  `P41` varchar(30) DEFAULT NULL,
  `P42` varchar(30) DEFAULT NULL,
  `P50` varchar(30) DEFAULT NULL,
  `P51` varchar(30) DEFAULT NULL,
  `P52` varchar(30) DEFAULT NULL,
  `P53` varchar(30) DEFAULT NULL,
  `P54` varchar(30) DEFAULT NULL,
  `P150` varchar(30) DEFAULT NULL,
  `P151` varchar(30) DEFAULT NULL,
  `P152` varchar(30) DEFAULT NULL,
  `P153` varchar(30) DEFAULT NULL,
  PRIMARY KEY (`idValoresP`)
) ENGINE=InnoDB AUTO_INCREMENT=27 DEFAULT CHARSET=latin1;
/*!40101 SET character_set_client = @saved_cs_client */;

--
-- Dumping data for table `valoresp`
--

LOCK TABLES `valoresp` WRITE;
/*!40000 ALTER TABLE `valoresp` DISABLE KEYS */;
INSERT INTO `valoresp` VALUES (1,'0','0','0','0','0','0','0','0','0','0','0','0','0','0','0','0','0','0','0','0','0','0','0','0','0','0','0','0','0','0','0','0','0','0','0','0','0','0','0','0','0','0','0'),(2,'0','0','0','0','0','0','0','0','0','0','0','0','0','0','0','0','0','0','0','0','0','0','0','0','0','0','0','0','0','0','0','0','0','0','0','0','0','0','0','0','0','0','0'),(3,'0','0','0','0','0','0','0','0','0','0','0','0','0','0','0','0','0','0','0','0','0','0','0','0','0','0','0','0','0','0','0','0','0','0','0','0','0','0','0','0','0','0','0'),(4,'0','0','0','0','0','0','0','0','0','0','0','0','0','0','0','0','0','0','0','0','0','0','0','0','0','0','0','0','0','0','0','0','0','0','0','0','0','0','0','0','0','0','0'),(5,'0','0','0','0','0','0','0','0','0','0','0','0','0','0','0','0','0','0','0','0','0','0','0','0','0','0','0','0','0','0','0','0','0','0','0','0','0','0','0','0','0','0','0'),(6,'0','0','0','0','0','0','0','0','0','0','0','0','0','0','0','0','0','0','0','0','0','0','0','0','0','0','0','0','0','0','0','0','0','0','0','0','0','0','0','0','0','0','0'),(7,'0','0','0','0','0','0','0','0','0','0','0','0','0','0','0','0','0','0','0','0','0','0','0','0','0','0','0','0','0','0','0','0','0','0','0','0','0','0','0','0','0','0','0'),(8,'0','0','0','0','0','0','0','0','0','0','0','0','0','0','0','0','0','0','0','0','0','0','0','0','0','0','0','0','0','0','0','0','0','0','0','0','0','0','0','0','0','0','0'),(9,'0','0','0','0','0','0','0','0','0','0','0','0','0','0','0','0','0','0','0','0','0','0','0','0','0','0','0','0','0','0','0','0','0','0','0','0','0','0','0','0','0','0','0'),(10,'0','0','0','0','0','0','0','0','0','0','0','0','0','0','0','0','0','0','0','0','0','0','0','0','0','0','0','0','0','0','0','0','0','0','0','0','0','0','0','0','0','0','0'),(11,'0','0','0','0','0','0','0','0','0','0','0','0','0','0','0','0','0','0','0','0','0','0','0','0','0','0','0','0','0','0','0','0','0','0','0','0','0','0','0','0','0','0','0'),(12,'0','0','0','0','0','0','0','0','0','0','0','0','0','0','0','0','0','0','0','0','0','0','0','0','0','0','0','0','0','0','0','0','0','0','0','0','0','0','0','0','0','0','0'),(13,'0','0','0','0','0','0','0','0','0','0','0','0','0','0','0','0','0','0','0','0','0','0','0','0','0','0','0','0','0','0','0','0','0','0','0','0','0','0','0','0','0','0','0'),(14,'0','0','0','0','0','0','0','0','0','0','0','0','0','0','0','0','0','0','0','0','0','0','0','0','0','0','0','0','0','0','0','0','0','0','0','0','0','0','0','0','0','0','0'),(15,'0','0','0','0','0','0','0','0','0','0','0','0','0','0','0','0','0','0','0','0','0','0','0','0','0','0','0','0','0','0','0','0','0','0','0','0','0','0','0','0','0','0','0'),(16,'0','0','0','0','0','0','0','0','0','0','0','0','0','0','0','0','0','0','0','0','0','0','0','0','0','0','0','0','0','0','0','0','0','0','0','0','0','0','0','0','0','0','0'),(17,'0','0','0','0','0','0','0','0','0','0','0','0','0','0','0','0','0','0','0','0','0','0','0','0','0','0','0','0','0','0','0','0','0','0','0','0','0','0','0','0','0','0','0'),(18,'0','0','0','0','0','0','0','0','0','0','0','0','0','0','0','0','0','0','0','0','0','0','0','0','0','0','0','0','0','0','0','0','0','0','0','0','0','0','0','0','0','0','0'),(19,'0','0','0','0','0','0','0','0','0','0','0','0','0','0','0','0','0','0','0','0','0','0','0','0','0','0','0','0','0','0','0','0','0','0','0','0','0','0','0','0','0','0','0'),(20,'0','0','0','0','0','0','0','0','0','0','0','0','0','0','0','0','0','0','0','0','0','0','0','0','0','0','0','0','0','0','0','0','0','0','0','0','0','0','0','0','0','0','0'),(21,'0','0','0','0','0','0','0','0','0','0','0','0','0','0','0','0','0','0','0','0','0','0','0','0','0','0','0','0','0','0','0','0','0','0','0','0','0','0','0','0','0','0','0'),(22,'60','60','750','750','60','375','375','0','60','40','40','720','720','0','60','30','30','720','720','0','60','20','20','720','720','0','60','10','10','720','720','0','5','5','0','720','720','720','5','1050','600','600','1050'),(23,'0','0','0','0','0','0','0','0','0','0','0','0','0','0','0','0','0','0','0','0','0','0','0','0','0','0','0','0','0','0','0','0','0','0','0','0','0','0','0','0','0','0','0'),(24,'4996','5034','238992','172980','-508250','175280','109216','1423712','275419','230294','-241257','289636','202097','1189247','217319','204232','-102487','319410','206910','1161527','249308','227560','-285409','291776','204384','435863','138827','222412','250006','297344','206272','1013515','329015','-1488985','1492324','1908353','0','523677','0','71204','18221','974','60633'),(25,'5','5','268','298','-1816','160','140','159','1120','1033','-286','336','333','1366','1076','1009','-159','337','342','1350','1065','1011','-200','631','344','191','60','10','10','720','720','130','1511','349','241','1543','0','906','0','232','128','14','269'),(26,'6','6','265','295','-1651','157','136','359','900','827','-288','356','353','139','1311','1363','-158','338','341','1161','1297','1230','-198','633','346','341','182','141','11','750','750','20','536','154','241','1543','0','906','0','232','128','14','269');
/*!40000 ALTER TABLE `valoresp` ENABLE KEYS */;
UNLOCK TABLES;
/*!40103 SET TIME_ZONE=@OLD_TIME_ZONE */;

/*!40101 SET SQL_MODE=@OLD_SQL_MODE */;
/*!40014 SET FOREIGN_KEY_CHECKS=@OLD_FOREIGN_KEY_CHECKS */;
/*!40014 SET UNIQUE_CHECKS=@OLD_UNIQUE_CHECKS */;
/*!40101 SET CHARACTER_SET_CLIENT=@OLD_CHARACTER_SET_CLIENT */;
/*!40101 SET CHARACTER_SET_RESULTS=@OLD_CHARACTER_SET_RESULTS */;
/*!40101 SET COLLATION_CONNECTION=@OLD_COLLATION_CONNECTION */;
/*!40111 SET SQL_NOTES=@OLD_SQL_NOTES */;

-- Dump completed on 2014-10-28 23:34:53
